interaction_id,user_id,product_id,action,timestamp
1,12,44,view,2025-01-12T10:23:11
2,5,13,add_to_cart,2025-01-10T18:45:02
3,27,3,view,2025-01-14T14:22:33
4,33,89,wishlist,2025-01-08T09:12:45
5,18,101,view,2025-01-16T20:05:49
6,41,67,view,2025-01-11T11:55:22
7,9,150,purchase,2025-01-15T17:14:31
8,22,54,view,2025-01-04T16:40:19
9,3,7,search,2025-01-12T08:11:05
10,14,119,view,2025-01-09T12:51:27
11,1,32,view,2025-01-02T19:32:44
12,28,98,add_to_cart,2025-01-06T21:00:18
13,37,64,view,2025-01-07T15:15:20
14,46,142,wishlist,2025-01-03T09:44:51
15,17,15,view,2025-01-04T13:05:39
16,19,143,view,2025-01-11T10:13:11
17,50,83,add_to_cart,2025-01-16T22:31:37
18,29,130,view,2025-01-12T09:14:02
19,11,36,search,2025-01-15T08:18:20
20,7,120,view,2025-01-13T15:05:12
21,16,14,view,2025-01-10T10:21:45
22,23,77,wishlist,2025-01-11T18:41:56
23,39,10,view,2025-01-17T12:04:02
24,8,25,view,2025-01-03T21:44:55
25,45,145,add_to_cart,2025-01-05T17:18:33
26,31,5,view,2025-01-09T14:32:41
27,6,99,view,2025-01-14T19:45:05
28,40,58,wishlist,2025-01-07T08:54:10
29,4,121,view,2025-01-10T11:23:19
30,13,41,search,2025-01-04T07:55:44
31,49,51,view,2025-01-02T16:11:30
32,10,73,add_to_cart,2025-01-08T18:21:14
33,24,149,view,2025-01-06T20:57:08
34,42,4,view,2025-01-15T13:06:22
35,34,28,wishlist,2025-01-12T12:34:27
36,21,76,view,2025-01-16T11:09:58
37,15,146,view,2025-01-17T19:40:33
38,48,134,add_to_cart,2025-01-14T20:12:41
39,20,1,view,2025-01-05T10:05:18
40,30,63,search,2025-01-13T09:42:07
41,26,87,view,2025-01-03T13:50:54
42,35,55,wishlist,2025-01-02T08:24:36
43,2,23,view,2025-01-12T17:17:20
44,36,117,view,2025-01-09T19:33:11
45,44,132,add_to_cart,2025-01-06T07:52:05
46,38,47,view,2025-01-10T21:06:44
47,43,95,wishlist,2025-01-04T12:49:10
48,32,69,view,2025-01-11T11:32:19
49,25,148,purchase,2025-01-14T18:25:52
50,47,19,view,2025-01-15T09:55:44
51,12,140,view,2025-01-03T18:26:39
52,5,27,search,2025-01-07T22:33:12
53,27,138,view,2025-01-16T08:05:14
54,33,6,add_to_cart,2025-01-17T17:14:11
55,18,90,view,2025-01-13T15:09:29
56,41,108,wishlist,2025-01-09T16:44:37
57,9,65,view,2025-01-02T20:23:51
58,22,52,view,2025-01-15T10:54:14
59,3,84,view,2025-01-06T12:33:42
60,14,141,add_to_cart,2025-01-05T09:16:00
61,1,59,view,2025-01-04T08:51:54
62,28,12,search,2025-01-14T11:32:20
63,37,100,view,2025-01-15T19:17:48
64,46,7,view,2025-01-07T16:25:36
65,17,104,wishlist,2025-01-10T22:14:41
66,19,35,view,2025-01-11T08:45:35
67,50,129,add_to_cart,2025-01-03T19:51:22
68,29,57,view,2025-01-05T15:37:44
69,11,147,search,2025-01-16T18:22:52
70,7,111,view,2025-01-12T14:41:19
71,16,82,view,2025-01-02T11:14:27
72,23,113,wishlist,2025-01-09T21:40:33
73,39,45,view,2025-01-11T17:53:58
74,8,56,view,2025-01-08T13:33:44
75,45,87,add_to_cart,2025-01-14T10:55:31
76,31,133,view,2025-01-06T19:42:41
77,6,146,view,2025-01-12T20:48:12
78,40,9,search,2025-01-10T09:33:21
79,4,71,view,2025-01-05T16:22:30
80,13,122,wishlist,2025-01-17T07:54:02
81,49,68,view,2025-01-15T12:29:14
82,10,79,view,2025-01-04T09:22:39
83,24,37,add_to_cart,2025-01-11T08:45:58
84,42,18,view,2025-01-07T10:01:47
85,34,144,view,2025-01-03T15:35:54
86,21,75,search,2025-01-12T17:44:23
87,15,126,view,2025-01-09T18:12:00
88,48,110,wishlist,2025-01-13T22:16:47
89,20,53,view,2025-01-14T19:33:57
90,30,97,view,2025-01-06T12:55:44
91,26,16,add_to_cart,2025-01-15T13:33:18
92,35,70,view,2025-01-02T18:10:52
93,2,139,view,2025-01-09T11:02:37
94,36,33,search,2025-01-16T20:01:44
95,44,85,view,2025-01-11T12:40:08
96,38,40,view,2025-01-08T10:31:29
97,43,49,wishlist,2025-01-05T09:14:23
98,32,58,view,2025-01-10T17:52:57
99,25,132,add_to_cart,2025-01-17T08:41:36
100,47,24,view,2025-01-15T14:50:25
101,12,139,view,2025-01-09T20:47:12
102,5,141,search,2025-01-04T07:53:48
103,27,130,wishlist,2025-01-05T19:44:23
104,33,55,view,2025-01-12T12:05:41
105,18,61,view,2025-01-14T16:30:52
106,41,98,add_to_cart,2025-01-08T09:43:20
107,9,42,view,2025-01-02T15:01:39
108,22,103,view,2025-01-15T17:12:33
109,3,143,view,2025-01-07T10:28:11
110,14,28,wishlist,2025-01-11T13:35:50
111,1,40,add_to_cart,2025-01-16T08:24:17
112,28,123,search,2025-01-10T22:47:03
113,37,141,view,2025-01-12T21:32:41
114,46,19,view,2025-01-06T14:14:35
115,17,112,wishlist,2025-01-03T10:26:22
116,19,148,view,2025-01-12T09:11:44
117,50,95,view,2025-01-08T12:39:57
118,29,11,add_to_cart,2025-01-14T18:06:31
119,11,146,view,2025-01-03T21:52:08
120,7,78,view,2025-01-05T17:44:50
121,16,3,search,2025-01-15T19:32:47
122,23,71,view,2025-01-13T20:41:33
123,39,112,view,2025-01-09T08:43:19
124,8,31,add_to_cart,2025-01-11T18:55:42
125,45,82,view,2025-01-06T10:20:37
126,31,134,view,2025-01-07T09:18:10
127,6,118,wishlist,2025-01-16T13:45:55
128,40,66,view,2025-01-14T17:01:14
129,4,109,search,2025-01-12T12:08:20
130,13,32,view,2025-01-03T15:35:57
131,49,144,add_to_cart,2025-01-11T11:51:26
132,10,105,view,2025-01-08T18:39:27
133,24,64,view,2025-01-10T13:13:52
134,42,139,wishlist,2025-01-14T09:22:38
135,34,53,view,2025-01-07T16:41:11
136,21,121,purchase,2025-01-15T21:09:50
137,15,128,view,2025-01-03T18:24:17
138,48,59,search,2025-01-02T08:22:33
139,20,68,view,2025-01-11T21:05:29
140,30,122,add_to_cart,2025-01-13T15:25:51
141,26,49,view,2025-01-09T09:15:32
142,35,90,wishlist,2025-01-05T11:49:25
143,2,14,view,2025-01-17T18:19:56
144,36,100,view,2025-01-04T10:43:37
145,44,34,search,2025-01-07T20:55:02
146,38,147,view,2025-01-15T12:36:44
147,43,117,add_to_cart,2025-01-16T11:10:50
148,32,29,view,2025-01-03T09:55:31
149,25,133,wishlist,2025-01-12T22:03:40
150,47,57,view,2025-01-06T14:53:17
151,18,42,view,2025-01-16T14:22:11
152,7,131,wishlist,2025-01-12T18:45:33
153,25,87,add_to_cart,2025-01-14T20:05:01
154,33,140,view,2025-01-09T11:50:22
155,12,16,search,2025-01-05T10:34:42
156,48,39,view,2025-01-03T15:49:12
157,5,118,add_to_cart,2025-01-13T16:44:29
158,29,103,view,2025-01-11T11:35:21
159,8,27,wishlist,2025-01-10T08:22:56
160,41,93,view,2025-01-14T09:12:33
161,14,67,search,2025-01-02T09:45:05
162,20,52,view,2025-01-07T12:21:42
163,36,143,add_to_cart,2025-01-16T18:10:31
164,4,91,view,2025-01-11T13:55:19
165,30,140,wishlist,2025-01-08T15:33:27
166,9,132,view,2025-01-06T20:05:31
167,15,84,view,2025-01-04T10:19:58
168,28,147,add_to_cart,2025-01-05T18:39:11
169,45,38,view,2025-01-13T14:22:44
170,19,75,view,2025-01-09T09:40:32
171,1,63,search,2025-01-03T12:34:18
172,37,110,wishlist,2025-01-16T17:19:56
173,11,14,view,2025-01-02T21:11:40
174,23,129,add_to_cart,2025-01-09T16:14:05
175,44,97,view,2025-01-12T08:57:27
176,10,124,view,2025-01-11T10:36:15
177,47,143,view,2025-01-15T15:12:47
178,3,30,search,2025-01-05T13:48:29
179,35,120,wishlist,2025-01-10T17:51:42
180,24,149,view,2025-01-07T09:45:11
181,17,66,view,2025-01-14T19:27:53
182,49,99,add_to_cart,2025-01-03T18:19:37
183,22,45,view,2025-01-13T20:56:28
184,34,77,view,2025-01-06T14:09:33
185,40,82,wishlist,2025-01-15T11:41:05
186,6,94,view,2025-01-11T07:25:22
187,13,73,view,2025-01-03T18:44:51
188,46,131,add_to_cart,2025-01-04T15:51:11
189,26,121,view,2025-01-16T21:03:49
190,2,12,search,2025-01-05T11:09:27
191,31,47,view,2025-01-10T10:12:54
192,16,146,wishlist,2025-01-14T22:03:20
193,38,112,view,2025-01-13T09:58:41
194,43,105,view,2025-01-08T13:17:53
195,32,141,search,2025-01-12T20:57:11
196,27,26,view,2025-01-02T19:45:27
197,5,150,view,2025-01-14T15:18:30
198,41,116,add_to_cart,2025-01-06T12:50:21
199,21,70,view,2025-01-03T17:33:44
200,48,58,wishlist,2025-01-10T14:24:17
201,7,134,view,2025-01-12T16:41:12
202,25,9,add_to_cart,2025-01-11T18:21:35
203,33,37,view,2025-01-07T13:14:50
204,12,62,view,2025-01-15T09:40:33
205,18,115,wishlist,2025-01-03T20:11:42
206,29,133,view,2025-01-04T14:52:11
207,8,21,search,2025-01-13T12:33:10
208,45,138,view,2025-01-09T16:37:44
209,14,32,add_to_cart,2025-01-16T18:47:29
210,9,44,view,2025-01-05T08:40:54
211,37,101,view,2025-01-11T13:15:39
212,1,76,search,2025-01-04T09:55:32
213,20,55,view,2025-01-03T12:11:23
214,48,25,view,2025-01-15T19:42:38
215,17,147,wishlist,2025-01-06T15:35:17
216,13,36,view,2025-01-07T10:49:11
217,46,69,wishlist,2025-01-16T07:55:28
218,30,141,add_to_cart,2025-01-12T21:18:49
219,28,84,view,2025-01-14T08:32:56
220,47,98,view,2025-01-10T09:14:11
221,10,41,search,2025-01-02T16:22:41
222,23,66,view,2025-01-06T20:10:44
223,11,28,wishlist,2025-01-03T18:51:15
224,49,14,view,2025-01-09T13:25:48
225,6,58,add_to_cart,2025-01-15T10:53:22
226,32,122,view,2025-01-11T17:46:39
227,5,141,view,2025-01-08T21:15:17
228,41,50,wishlist,2025-01-07T09:22:41
229,34,113,view,2025-01-12T10:06:59
230,35,38,add_to_cart,2025-01-14T19:41:18
231,4,70,view,2025-01-05T13:56:27
232,40,110,search,2025-01-04T07:55:18
233,2,15,view,2025-01-10T12:11:29
234,22,98,view,2025-01-13T15:52:51
235,36,112,search,2025-01-17T18:37:46
236,19,144,view,2025-01-02T11:08:14
237,43,58,add_to_cart,2025-01-14T16:32:22
238,16,91,view,2025-01-11T08:47:05
239,27,123,wishlist,2025-01-06T19:18:20
240,44,140,view,2025-01-15T09:28:39
241,3,30,view,2025-01-07T15:17:03
242,31,101,search,2025-01-04T20:39:26
243,8,60,view,2025-01-12T14:50:10
244,45,132,add_to_cart,2025-01-09T11:35:47
245,14,48,wishlist,2025-01-03T17:38:12
246,1,139,view,2025-01-13T10:26:23
247,12,19,view,2025-01-10T08:37:41
248,17,60,view,2025-01-13T21:19:48
249,28,92,view,2025-01-08T09:55:50
250,20,41,wishlist,2025-01-11T19:26:41
251,37,54,add_to_cart,2025-01-14T13:48:06
252,9,98,view,2025-01-04T10:22:59
253,25,126,view,2025-01-06T08:39:11
254,33,37,search,2025-01-12T18:29:58
255,29,18,view,2025-01-03T13:15:54
256,48,142,wishlist,2025-01-09T20:33:42
257,13,32,add_to_cart,2025-01-17T15:18:09
258,43,62,view,2025-01-14T08:32:14
259,7,136,view,2025-01-05T10:51:10
260,11,95,search,2025-01-03T11:48:43
261,30,119,view,2025-01-10T15:50:50
262,2,108,wishlist,2025-01-13T17:09:33
263,35,67,view,2025-01-08T15:26:06
264,23,114,view,2025-01-06T17:49:33
265,26,77,add_to_cart,2025-01-14T09:14:28
266,49,138,view,2025-01-11T16:40:02
267,18,53,wishlist,2025-01-12T19:28:27
268,41,80,search,2025-01-04T09:48:34
269,45,110,view,2025-01-15T21:12:51
270,14,24,view,2025-01-03T14:41:11
271,3,60,add_to_cart,2025-01-17T08:45:57
272,32,149,view,2025-01-07T18:25:40
273,9,45,search,2025-01-10T08:33:09
274,29,97,view,2025-01-12T10:09:43
275,12,13,wishlist,2025-01-15T18:30:29
276,37,102,view,2025-01-06T11:44:50
277,48,54,add_to_cart,2025-01-13T16:31:09
278,17,82,view,2025-01-09T17:42:51
279,50,111,view,2025-01-02T08:42:01
280,20,119,search,2025-01-11T21:40:55
281,42,12,view,2025-01-06T13:15:11
282,46,123,view,2025-01-16T20:29:24
283,6,102,add_to_cart,2025-01-04T09:36:27
284,34,117,wishlist,2025-01-07T12:49:19
285,16,130,view,2025-01-11T18:33:51
286,27,64,view,2025-01-10T13:14:02
287,22,96,search,2025-01-14T17:55:44
288,33,56,view,2025-01-08T08:53:16
289,25,145,add_to_cart,2025-01-13T20:41:35
290,5,41,view,2025-01-03T12:25:22
291,11,69,search,2025-01-16T09:40:17
292,31,83,view,2025-01-02T18:49:58
293,23,17,wishlist,2025-01-15T08:25:15
294,44,111,view,2025-01-09T11:36:29
295,30,58,add_to_cart,2025-01-14T19:26:47
296,38,43,view,2025-01-06T10:22:59
297,15,137,view,2025-01-08T17:12:01
298,28,72,search,2025-01-11T22:15:48
299,7,116,view,2025-01-05T13:51:22
300,12,48,wishlist,2025-01-14T09:15:36
301,10,141,view,2025-01-11T18:25:41
302,22,83,add_to_cart,2025-01-16T09:44:29
303,35,101,view,2025-01-14T07:33:19
304,7,40,wishlist,2025-01-05T19:50:56
305,18,91,search,2025-01-02T12:09:33
306,44,133,view,2025-01-10T11:44:52
307,16,115,view,2025-01-12T20:05:46
308,27,60,add_to_cart,2025-01-13T15:41:30
309,41,129,view,2025-01-07T17:22:58
310,4,22,view,2025-01-04T09:33:11
311,48,53,wishlist,2025-01-03T14:40:29
312,2,119,view,2025-01-08T13:44:38
313,50,77,add_to_cart,2025-01-14T19:42:52
314,14,145,view,2025-01-11T17:51:27
315,33,68,view,2025-01-16T21:15:37
316,28,12,search,2025-01-06T20:43:18
317,29,39,view,2025-01-07T11:44:54
318,11,140,wishlist,2025-01-15T13:25:00
319,20,128,view,2025-01-12T10:29:59
320,37,91,add_to_cart,2025-01-10T07:33:45
321,5,108,view,2025-01-14T09:19:01
322,9,65,view,2025-01-08T22:11:53
323,36,42,search,2025-01-04T10:52:07
324,23,119,view,2025-01-11T20:44:32
325,30,53,wishlist,2025-01-09T12:14:18
326,8,120,view,2025-01-05T18:39:27
327,39,99,view,2025-01-13T14:53:14
328,12,84,add_to_cart,2025-01-16T16:31:22
329,31,59,view,2025-01-02T19:42:15
330,40,124,view,2025-01-06T15:53:59
331,26,102,search,2025-01-12T07:24:11
332,3,112,view,2025-01-08T20:01:44
333,49,75,view,2025-01-05T17:44:31
334,17,130,wishlist,2025-01-14T13:11:40
335,43,97,view,2025-01-15T10:02:13
336,24,41,add_to_cart,2025-01-06T09:35:57
337,13,16,view,2025-01-10T14:48:12
338,42,58,wishlist,2025-01-11T22:20:40
339,32,114,view,2025-01-07T13:21:25
340,6,57,view,2025-01-04T18:17:59
341,38,143,view,2025-01-02T12:49:33
342,45,100,search,2025-01-13T09:41:50
343,19,143,add_to_cart,2025-01-17T14:52:41
344,10,89,view,2025-01-05T11:30:18
345,27,136,view,2025-01-03T20:32:55
346,41,122,search,2025-01-16T10:55:14
347,15,52,view,2025-01-06T11:43:22
348,33,135,wishlist,2025-01-09T08:12:39
349,20,65,view,2025-01-15T09:52:11
350,37,100,view,2025-01-04T13:31:28
351,28,124,add_to_cart,2025-01-12T18:22:01
352,12,139,view,2025-01-03T21:20:47
353,44,79,view,2025-01-11T17:53:14
354,25,16,wishlist,2025-01-09T13:44:27
355,48,98,view,2025-01-14T15:41:55
356,5,61,view,2025-01-03T10:05:22
357,29,111,search,2025-01-15T12:34:51
358,1,103,view,2025-01-04T17:33:12
359,36,144,view,2025-01-02T15:09:44
360,11,43,wishlist,2025-01-10T19:38:17
361,22,119,add_to_cart,2025-01-14T20:14:33
362,30,74,view,2025-01-07T16:19:40
363,8,27,view,2025-01-05T08:27:31
364,50,143,view,2025-01-12T09:46:55
365,17,83,search,2025-01-11T11:22:36
366,49,145,view,2025-01-14T07:44:51
367,24,39,wishlist,2025-01-06T22:25:40
368,13,58,view,2025-01-09T15:33:22
369,40,101,view,2025-01-15T10:49:08
370,21,121,add_to_cart,2025-01-13T12:28:41
371,32,44,view,2025-01-04T18:27:20
372,45,136,search,2025-01-07T14:40:01
373,3,23,view,2025-01-03T16:12:03
374,19,145,wishlist,2025-01-09T09:15:40
375,6,62,view,2025-01-12T13:09:33
376,41,110,add_to_cart,2025-01-17T17:02:15
377,9,40,view,2025-01-05T21:42:31
378,27,52,view,2025-01-04T11:33:16
379,50,93,search,2025-01-11T19:57:27
380,7,147,view,2025-01-15T13:15:40
381,26,35,view,2025-01-09T20:40:33
382,47,138,wishlist,2025-01-03T12:11:24
383,25,68,add_to_cart,2025-01-08T17:41:59
384,18,96,view,2025-01-10T10:39:18
385,2,16,view,2025-01-03T08:51:12
386,39,62,search,2025-01-13T20:59:44
387,30,137,view,2025-01-14T14:12:08
388,11,41,view,2025-01-06T09:09:51
389,28,55,add_to_cart,2025-01-16T08:41:37
390,45,108,view,2025-01-04T14:21:09
391,14,94,wishlist,2025-01-12T13:05:59
392,22,74,view,2025-01-08T15:12:11
393,33,128,view,2025-01-11T18:30:15
394,8,15,search,2025-01-06T11:31:12
395,37,134,view,2025-01-10T16:45:20
396,16,102,add_to_cart,2025-01-15T20:44:22
397,41,35,view,2025-01-07T12:51:48
398,6,112,view,2025-01-03T22:42:40
399,25,57,wishlist,2025-01-12T10:09:51
400,13,77,add_to_cart,2025-01-14T12:13:55
401,10,121,view,2025-01-09T17:32:18
402,23,53,view,2025-01-08T20:55:19
403,26,74,wishlist,2025-01-05T13:33:14
404,32,109,view,2025-01-12T17:11:41
405,4,103,add_to_cart,2025-01-13T14:33:02
406,30,142,view,2025-01-02T16:54:27
407,29,81,search,2025-01-15T10:40:11
408,1,25,view,2025-01-06T14:19:30
409,20,143,view,2025-01-04T21:22:08
410,36,105,add_to_cart,2025-01-17T15:49:03
411,50,111,view,2025-01-10T19:40:55
412,9,59,view,2025-01-08T17:11:44
413,7,131,wishlist,2025-01-12T11:41:32
414,22,144,view,2025-01-07T20:55:33
415,33,37,view,2025-01-02T19:53:40
416,14,112,view,2025-01-11T08:29:51
417,27,19,view,2025-01-06T15:30:40
418,18,120,add_to_cart,2025-01-10T17:46:27
419,48,129,view,2025-01-13T09:55:21
420,35,118,wishlist,2025-01-05T18:25:33
421,41,52,view,2025-01-15T14:40:52
422,10,71,search,2025-01-04T09:39:27
423,40,21,view,2025-01-03T14:33:58
424,24,97,view,2025-01-07T11:24:20
425,32,59,add_to_cart,2025-01-12T08:43:31
426,12,14,view,2025-01-16T20:49:57
427,45,139,wishlist,2025-01-11T06:55:42
428,3,103,view,2025-01-09T12:51:33
429,38,66,view,2025-01-10T22:41:08
430,29,91,search,2025-01-08T15:11:17
431,7,56,view,2025-01-05T10:52:51
432,33,148,add_to_cart,2025-01-14T17:39:51
433,17,87,view,2025-01-12T16:40:19
434,2,121,view,2025-01-09T21:52:55
435,26,63,wishlist,2025-01-03T19:21:41
436,21,40,view,2025-01-06T11:15:05
437,19,150,view,2025-01-12T14:41:33
438,48,11,search,2025-01-15T09:17:29
439,30,89,view,2025-01-03T18:19:22
440,6,122,view,2025-01-07T14:34:18
441,35,74,add_to_cart,2025-01-16T12:26:39
442,10,111,view,2025-01-13T19:27:24
443,45,53,view,2025-01-04T16:41:09
444,8,104,wishlist,2025-01-09T09:22:41
445,37,120,view,2025-01-11T13:10:11
446,50,19,add_to_cart,2025-01-14T10:52:31
447,24,77,view,2025-01-06T12:21:55
448,42,126,search,2025-01-12T20:49:44
449,15,38,view,2025-01-07T18:33:21
450,29,146,wishlist,2025-01-14T08:15:37
451,18,36,view,2025-01-14T09:34:51
452,7,84,view,2025-01-06T18:32:17
453,25,128,search,2025-01-04T11:55:09
454,33,59,add_to_cart,2025-01-10T15:26:41
455,12,117,view,2025-01-12T16:42:58
456,48,95,wishlist,2025-01-07T12:19:44
457,5,133,view,2025-01-11T08:33:41
458,29,23,view,2025-01-08T20:25:12
459,8,147,add_to_cart,2025-01-15T21:03:27
460,41,109,view,2025-01-06T10:52:31
461,14,70,search,2025-01-02T19:41:16
462,20,133,view,2025-01-11T14:25:09
463,36,120,view,2025-01-15T16:42:33
464,4,82,view,2025-01-04T09:18:47
465,30,131,wishlist,2025-01-10T12:11:54
466,9,54,add_to_cart,2025-01-14T17:21:32
467,15,140,view,2025-01-08T07:55:33
468,27,76,view,2025-01-05T18:42:12
469,45,144,search,2025-01-16T09:40:58
470,19,11,view,2025-01-12T10:17:55
471,1,50,view,2025-01-07T08:23:37
472,37,123,wishlist,2025-01-04T15:55:21
473,11,32,search,2025-01-13T11:31:44
474,23,93,view,2025-01-06T21:30:17
475,44,34,add_to_cart,2025-01-09T18:51:22
476,10,139,view,2025-01-15T12:25:37
477,47,63,view,2025-01-08T09:31:10
478,3,148,wishlist,2025-01-03T17:18:49
479,35,74,view,2025-01-11T10:54:58
480,24,114,view,2025-01-12T22:09:21
481,12,22,view,2025-01-05T17:41:39
482,45,149,add_to_cart,2025-01-16T15:37:22
483,38,119,view,2025-01-04T14:51:15
484,29,43,view,2025-01-08T11:35:29
485,13,67,search,2025-01-12T19:30:44
486,40,145,wishlist,2025-01-09T13:35:08
487,26,110,view,2025-01-11T18:42:32
488,2,98,add_to_cart,2025-01-07T16:53:11
489,31,26,view,2025-01-10T09:17:27
490,22,137,view,2025-01-15T14:19:35
491,36,58,search,2025-01-03T12:49:44
492,19,85,view,2025-01-05T18:30:51
493,43,108,view,2025-01-04T13:14:07
494,16,47,wishlist,2025-01-08T20:18:55
495,27,65,add_to_cart,2025-01-17T11:30:19
496,48,142,view,2025-01-12T16:45:33
497,5,16,view,2025-01-07T12:44:12
498,29,131,view,2025-01-15T18:33:51
499,10,121,search,2025-01-03T14:45:18
500,24,97,add_to_cart,2025-01-11T17:53:57
501,1,69,view,2025-01-04T10:03:31
502,37,75,view,2025-01-14T20:57:44
503,14,36,wishlist,2025-01-06T10:33:22
504,9,117,view,2025-01-13T13:44:59
505,33,140,add_to_cart,2025-01-16T12:27:48
506,7,41,view,2025-01-05T08:29:33
507,45,73,search,2025-01-10T21:55:22
508,18,88,view,2025-01-11T11:22:03
509,23,130,view,2025-01-08T20:09:51
510,32,95,wishlist,2025-01-12T09:14:25
511,40,143,view,2025-01-04T15:25:41
512,21,121,add_to_cart,2025-01-13T10:09:33
513,28,79,view,2025-01-06T20:53:22
514,43,74,view,2025-01-15T07:28:11
515,3,148,search,2025-01-02T13:33:59
516,19,109,view,2025-01-05T21:52:06
517,46,142,wishlist,2025-01-10T09:55:36
518,15,69,view,2025-01-12T13:15:47
519,50,107,add_to_cart,2025-01-17T19:37:51
520,11,43,view,2025-01-09T10:55:33
521,26,137,view,2025-01-07T14:52:47
522,2,150,view,2025-01-03T11:22:06
523,30,112,wishlist,2025-01-15T14:39:51
524,27,130,search,2025-01-04T18:35:09
525,13,43,add_to_cart,2025-01-08T12:11:12
526,48,113,view,2025-01-11T10:33:33
527,29,81,view,2025-01-06T19:21:29
528,9,23,search,2025-01-10T22:17:40
529,22,149,view,2025-01-12T16:14:32
530,31,70,view,2025-01-05T13:41:51
531,44,118,wishlist,2025-01-14T20:11:26
532,16,38,view,2025-01-08T17:22:41
533,37,120,add_to_cart,2025-01-11T15:34:01
534,3,50,view,2025-01-04T11:55:16
535,20,14,view,2025-01-09T16:47:09
536,40,139,view,2025-01-03T10:12:54
537,18,30,view,2025-01-15T20:28:41
538,48,84,add_to_cart,2025-01-13T18:26:52
539,12,128,wishlist,2025-01-07T18:51:33
540,1,41,view,2025-01-06T21:42:19
541,29,130,view,2025-01-08T16:35:59
542,27,59,add_to_cart,2025-01-15T11:39:42
543,5,80,view,2025-01-03T09:31:51
544,33,110,search,2025-01-14T10:33:05
545,45,137,add_to_cart,2025-01-17T09:21:59
546,14,68,view,2025-01-09T14:51:18
547,9,101,view,2025-01-05T12:27:16
548,36,72,search,2025-01-12T18:45:41
549,18,32,view,2025-01-03T12:19:21
550,40,44,view,2025-01-14T17:11:22
551,11,92,wishlist,2025-01-09T11:32:47
552,23,148,view,2025-01-11T13:49:40
553,47,82,add_to_cart,2025-01-15T09:31:54
554,31,56,view,2025-01-06T16:41:00
555,20,143,search,2025-01-07T20:25:09
556,12,41,view,2025-01-10T12:33:48
557,28,137,wishlist,2025-01-06T19:19:22
558,8,70,view,2025-01-14T09:49:55
559,41,128,view,2025-01-04T15:09:52
560,19,30,add_to_cart,2025-01-13T18:52:29
561,48,140,view,2025-01-09T21:55:22
562,27,52,view,2025-01-07T13:14:47
563,35,114,wishlist,2025-01-12T14:25:22
564,3,65,view,2025-01-05T15:23:34
565,36,112,add_to_cart,2025-01-01T21:49:12
566,10,54,view,2025-01-03T10:49:33
567,29,123,view,2025-01-15T11:44:22
568,44,77,wishlist,2025-01-06T10:17:50
569,7,32,view,2025-01-14T12:30:10
570,22,100,add_to_cart,2025-01-11T17:11:55
571,20,136,view,2025-01-09T18:13:37
572,11,95,search,2025-01-03T09:58:47
573,42,57,view,2025-01-10T22:15:25
574,17,133,wishlist,2025-01-06T13:49:58
575,25,145,view,2025-01-12T14:50:55
576,30,118,view,2025-01-08T13:12:42
577,2,91,view,2025-01-04T09:35:28
578,38,69,add_to_cart,2025-01-11T19:20:36
579,13,126,view,2025-01-15T20:41:19
580,49,68,view,2025-01-07T17:59:44
581,16,77,search,2025-01-02T14:25:50
582,33,101,view,2025-01-09T18:42:33
583,43,121,view,2025-01-06T11:51:18
584,18,32,wishlist,2025-01-03T19:40:25
585,27,124,view,2025-01-13T17:11:59
586,40,146,view,2025-01-04T16:36:18
587,31,144,search,2025-01-08T20:52:41
588,10,77,add_to_cart,2025-01-15T11:40:51
589,32,90,view,2025-01-05T08:51:43
590,3,147,view,2025-01-02T17:20:18
591,11,89,wishlist,2025-01-12T17:32:14
592,23,128,add_to_cart,2025-01-14T19:33:45
593,44,52,view,2025-01-07T16:30:28
594,27,139,view,2025-01-04T12:51:06
595,19,40,search,2025-01-09T15:43:10
596,35,95,view,2025-01-02T11:49:37
597,5,101,view,2025-01-11T14:44:55
598,29,16,wishlist,2025-01-14T07:55:52
599,18,140,view,2025-01-05T20:33:15
600,48,112,add_to_cart,2025-01-17T13:51:42
601,14,83,view,2025-01-14T09:45:32
602,33,136,wishlist,2025-01-09T15:28:14
603,7,41,add_to_cart,2025-01-12T18:51:01
604,27,109,view,2025-01-05T20:33:49
605,18,124,search,2025-01-03T11:15:02
606,45,92,view,2025-01-08T16:41:55
607,5,69,view,2025-01-07T10:23:13
608,41,133,add_to_cart,2025-01-15T17:29:51
609,10,30,view,2025-01-02T12:33:24
610,12,126,wishlist,2025-01-11T22:30:57
611,20,120,view,2025-01-14T14:41:39
612,29,62,search,2025-01-05T08:24:33
613,2,97,view,2025-01-10T15:23:11
614,46,142,add_to_cart,2025-01-16T20:18:40
615,8,75,view,2025-01-06T19:35:11
616,48,139,view,2025-01-03T17:29:41
617,17,58,wishlist,2025-01-12T21:41:19
618,32,105,view,2025-01-15T10:34:52
619,1,49,view,2025-01-04T21:18:01
620,31,117,add_to_cart,2025-01-09T16:27:44
621,9,68,view,2025-01-03T19:43:12
622,14,140,view,2025-01-11T14:50:37
623,25,93,search,2025-01-10T11:08:22
624,33,103,view,2025-01-07T12:29:21
625,7,121,wishlist,2025-01-06T20:41:19
626,27,38,view,2025-01-09T17:43:29
627,18,110,add_to_cart,2025-01-15T09:41:05
628,5,14,view,2025-01-04T10:56:53
629,45,143,view,2025-01-13T12:10:32
630,41,99,search,2025-01-02T18:52:00
631,10,122,view,2025-01-11T15:22:59
632,12,25,view,2025-01-06T11:33:45
633,20,59,add_to_cart,2025-01-15T13:27:14
634,29,57,view,2025-01-03T08:11:47
635,2,147,wishlist,2025-01-12T09:55:44
636,46,52,view,2025-01-09T20:31:23
637,8,40,search,2025-01-14T21:10:49
638,48,77,view,2025-01-03T16:42:51
639,17,136,add_to_cart,2025-01-16T10:52:01
640,32,32,view,2025-01-06T12:44:55
641,1,64,view,2025-01-05T22:11:22
642,31,71,search,2025-01-10T19:20:14
643,9,90,view,2025-01-08T10:33:57
644,14,115,add_to_cart,2025-01-13T11:01:29
645,25,104,view,2025-01-07T15:25:14
646,33,129,wishlist,2025-01-11T18:33:47
647,7,121,add_to_cart,2025-01-16T21:43:22
648,27,148,view,2025-01-04T10:55:11
649,18,83,view,2025-01-12T08:27:41
650,5,69,wishlist,2025-01-09T14:17:29
651,45,50,view,2025-01-06T19:54:51
652,41,132,view,2025-01-15T12:30:41
653,10,119,add_to_cart,2025-01-17T10:45:19
654,12,44,view,2025-01-03T18:51:30
655,20,145,search,2025-01-07T13:29:14
656,29,129,view,2025-01-09T11:38:52
657,2,87,view,2025-01-05T09:40:17
658,46,38,wishlist,2025-01-14T22:15:41
659,8,54,view,2025-01-10T17:52:29
660,48,112,add_to_cart,2025-01-11T16:39:00
661,17,128,view,2025-01-03T16:20:40
662,32,18,view,2025-01-08T07:45:09
663,1,97,view,2025-01-05T18:14:11
664,31,120,search,2025-01-12T13:33:55
665,9,74,view,2025-01-10T21:51:22
666,14,134,wishlist,2025-01-06T12:57:44
667,25,40,view,2025-01-11T20:45:37
668,33,16,add_to_cart,2025-01-15T08:27:57
669,7,86,view,2025-01-08T09:22:49
670,27,47,search,2025-01-03T20:38:33
671,18,106,view,2025-01-15T14:21:52
672,5,110,view,2025-01-07T10:11:59
673,45,122,add_to_cart,2025-01-12T15:49:26
674,41,33,view,2025-01-04T19:33:17
675,10,140,view,2025-01-02T16:25:41
676,12,88,search,2025-01-13T18:14:21
677,20,102,view,2025-01-11T10:33:33
678,29,150,wishlist,2025-01-09T14:41:58
679,2,75,add_to_cart,2025-01-17T09:33:21
680,46,64,view,2025-01-08T12:22:44
681,8,108,view,2025-01-06T13:16:12
682,48,147,search,2025-01-05T22:28:37
683,17,41,view,2025-01-04T11:50:46
684,32,116,wishlist,2025-01-10T09:52:49
685,1,146,view,2025-01-07T17:47:31
686,31,28,add_to_cart,2025-01-15T20:43:27
687,9,44,view,2025-01-02T09:21:10
688,14,143,view,2025-01-12T16:30:37
689,25,57,add_to_cart,2025-01-14T19:23:41
690,33,104,view,2025-01-06T20:42:12
691,7,68,wishlist,2025-01-11T09:20:58
692,27,115,view,2025-01-09T15:19:43
693,18,36,search,2025-01-13T22:29:11
694,5,90,view,2025-01-04T12:50:52
695,45,37,add_to_cart,2025-01-16T18:34:41
696,41,150,view,2025-01-03T15:21:14
697,10,139,view,2025-01-07T22:49:35
698,12,30,wishlist,2025-01-10T18:25:53
699,20,120,view,2025-01-15T14:55:59
700,29,80,search,2025-01-06T17:40:32
701,2,66,view,2025-01-08T16:33:11
702,46,122,view,2025-01-11T18:29:44
703,8,37,add_to_cart,2025-01-12T12:42:17
704,48,119,view,2025-01-04T12:51:03
705,17,108,view,2025-01-15T11:33:27
706,32,51,wishlist,2025-01-02T14:18:19
707,1,129,search,2025-01-09T18:13:23
708,31,62,view,2025-01-03T19:20:48
709,9,91,view,2025-01-05T15:29:12
710,14,132,add_to_cart,2025-01-16T12:49:27
711,25,85,view,2025-01-07T08:51:56
712,33,30,view,2025-01-12T09:31:48
713,7,133,search,2025-01-04T10:25:18
714,27,52,add_to_cart,2025-01-17T21:33:45
715,18,74,view,2025-01-08T14:37:40
716,5,20,view,2025-01-03T17:58:32
717,45,144,wishlist,2025-01-10T22:33:49
718,41,73,view,2025-01-11T20:48:22
719,10,141,search,2025-01-15T10:20:11
720,12,123,add_to_cart,2025-01-14T09:17:39
721,20,66,view,2025-01-05T09:44:28
722,29,149,view,2025-01-06T18:23:58
723,2,57,wishlist,2025-01-07T13:31:22
724,46,45,view,2025-01-10T10:21:11
725,8,110,search,2025-01-15T19:45:37
726,48,118,view,2025-01-02T16:34:51
727,17,144,add_to_cart,2025-01-12T20:53:02
728,32,60,view,2025-01-08T14:50:09
729,1,145,view,2025-01-04T11:13:57
730,31,27,view,2025-01-06T22:49:16
731,9,146,wishlist,2025-01-13T11:31:27
732,14,104,view,2025-01-03T14:47:50
733,25,123,search,2025-01-11T12:56:33
734,33,83,add_to_cart,2025-01-15T19:42:51
735,7,64,view,2025-01-09T20:31:10
736,27,121,view,2025-01-07T21:22:02
737,18,130,view,2025-01-14T15:18:43
738,5,19,search,2025-01-02T13:21:37
739,45,84,view,2025-01-10T15:32:48
740,41,50,wishlist,2025-01-12T20:52:19
741,10,88,view,2025-01-06T12:20:48
742,12,69,add_to_cart,2025-01-15T17:28:51
743,20,91,view,2025-01-04T18:42:04
744,29,147,view,2025-01-03T14:37:25
745,2,55,search,2025-01-16T19:51:41
746,46,82,view,2025-01-09T16:30:12
747,8,28,add_to_cart,2025-01-14T11:59:49
748,48,103,view,2025-01-08T18:41:25
749,17,136,wishlist,2025-01-13T07:53:29
750,32,98,view,2025-01-02T21:45:12
751,14,112,view,2025-01-06T14:55:21
752,7,38,search,2025-01-12T10:41:54
753,25,129,wishlist,2025-01-08T19:30:27
754,33,57,view,2025-01-15T17:52:33
755,12,95,add_to_cart,2025-01-10T16:49:41
756,48,146,view,2025-01-04T13:20:18
757,5,64,view,2025-01-03T11:25:29
758,29,128,search,2025-01-14T18:31:32
759,8,89,add_to_cart,2025-01-16T13:51:05
760,41,37,view,2025-01-07T09:29:44
761,14,150,view,2025-01-05T14:32:58
762,20,112,search,2025-01-03T19:49:57
763,36,139,view,2025-01-11T18:34:31
764,4,52,view,2025-01-06T12:33:20
765,30,101,wishlist,2025-01-14T11:39:44
766,9,133,view,2025-01-10T17:44:12
767,15,88,add_to_cart,2025-01-16T20:09:33
768,27,126,view,2025-01-03T13:22:41
769,45,111,view,2025-01-12T21:44:50
770,19,76,search,2025-01-02T18:21:17
771,1,87,view,2025-01-09T10:28:56
772,37,120,add_to_cart,2025-01-15T15:14:32
773,11,66,view,2025-01-06T16:51:18
774,23,145,view,2025-01-07T19:43:50
775,44,133,wishlist,2025-01-08T18:44:11
776,10,56,view,2025-01-04T23:19:30
777,47,138,search,2025-01-10T09:57:33
778,3,91,view,2025-01-11T20:34:12
779,35,70,add_to_cart,2025-01-16T14:22:41
780,24,108,view,2025-01-03T17:15:27
781,12,146,view,2025-01-05T15:39:19
782,45,97,view,2025-01-13T08:56:54
783,38,134,search,2025-01-07T12:24:40
784,26,39,view,2025-01-04T13:14:11
785,2,141,wishlist,2025-01-09T21:32:52
786,31,96,add_to_cart,2025-01-17T08:55:21
787,17,130,view,2025-01-15T10:11:40
788,48,110,view,2025-01-03T15:52:49
789,29,65,search,2025-01-11T17:42:03
790,7,34,view,2025-01-02T10:37:21
791,27,90,wishlist,2025-01-06T21:10:59
792,18,23,view,2025-01-07T08:19:51
793,5,117,add_to_cart,2025-01-14T09:54:41
794,45,43,view,2025-01-13T17:29:12
795,41,143,view,2025-01-05T11:18:01
796,10,142,search,2025-01-09T09:29:57
797,12,30,view,2025-01-06T14:39:15
798,20,83,wishlist,2025-01-12T17:49:22
799,29,140,view,2025-01-04T16:17:43
800,2,91,add_to_cart,2025-01-13T12:42:35
801,46,104,view,2025-01-08T10:33:18
802,8,148,view,2025-01-05T18:39:59
803,38,16,search,2025-01-11T19:40:44
804,17,44,view,2025-01-03T20:51:56
805,32,112,add_to_cart,2025-01-16T18:41:17
806,1,121,view,2025-01-08T11:52:21
807,31,74,view,2025-01-06T20:45:13
808,9,57,wishlist,2025-01-10T21:49:51
809,14,103,view,2025-01-12T16:39:42
810,25,74,view,2025-01-03T14:27:20
811,33,150,search,2025-01-07T12:33:10
812,7,130,view,2025-01-05T17:45:26
813,27,53,add_to_cart,2025-01-17T13:19:33
814,18,101,view,2025-01-04T18:53:14
815,5,37,wishlist,2025-01-09T20:42:31
816,45,135,view,2025-01-15T07:43:38
817,41,26,view,2025-01-08T15:44:22
818,10,114,add_to_cart,2025-01-14T12:45:20
819,12,145,view,2025-01-02T19:31:44
820,20,71,search,2025-01-06T14:29:11
821,29,109,view,2025-01-09T09:31:51
822,2,43,view,2025-01-11T18:28:05
823,46,135,search,2025-01-12T09:33:14
824,8,122,wishlist,2025-01-05T13:57:21
825,48,82,add_to_cart,2025-01-15T10:47:22
826,17,148,view,2025-01-03T15:44:18
827,32,89,view,2025-01-07T19:22:03
828,1,15,search,2025-01-10T12:51:33
829,31,18,view,2025-01-05T22:14:29
830,9,71,add_to_cart,2025-01-16T19:47:18
831,14,110,view,2025-01-04T17:08:01
832,25,83,view,2025-01-08T14:49:55
833,33,97,wishlist,2025-01-11T21:17:14
834,7,146,view,2025-01-03T13:31:10
835,27,77,search,2025-01-09T20:34:12
836,18,51,view,2025-01-13T09:20:49
837,5,20,view,2025-01-06T18:15:42
838,45,132,wishlist,2025-01-02T22:30:14
839,41,104,view,2025-01-15T11:28:53
840,10,59,search,2025-01-12T15:24:17
841,12,141,add_to_cart,2025-01-08T10:37:41
842,20,48,view,2025-01-03T17:20:25
843,29,62,view,2025-01-07T12:11:33
844,2,139,wishlist,2025-01-10T18:29:49
845,46,54,view,2025-01-04T11:19:57
846,8,27,search,2025-01-15T19:49:32
847,48,71,view,2025-01-06T09:33:19
848,17,137,add_to_cart,2025-01-14T08:55:03
849,32,60,view,2025-01-09T20:33:28
850,1,52,view,2025-01-05T15:25:31
851,31,115,wishlist,2025-01-12T18:12:17
852,9,39,view,2025-01-04T09:22:51
853,14,143,search,2025-01-07T21:33:06
854,25,21,view,2025-01-10T19:34:44
855,33,71,add_to_cart,2025-01-17T14:42:15
856,7,129,view,2025-01-02T17:31:28
857,27,126,view,2025-01-05T09:17:30
858,18,136,wishlist,2025-01-11T16:43:29
859,5,86,view,2025-01-03T13:45:22
860,45,68,search,2025-01-15T11:33:10
861,41,40,view,2025-01-07T14:57:39
862,10,117,view,2025-01-09T13:44:27
863,12,133,add_to_cart,2025-01-14T10:11:30
864,20,34,view,2025-01-11T10:17:14
865,29,101,view,2025-01-04T22:29:53
866,2,58,search,2025-01-13T21:44:36
867,46,77,view,2025-01-03T18:21:07
868,8,140,view,2025-01-09T21:31:42
869,48,49,wishlist,2025-01-08T17:43:41
870,17,57,view,2025-01-12T08:39:11
871,32,135,add_to_cart,2025-01-16T12:25:10
872,1,148,view,2025-01-03T10:47:24
873,31,82,view,2025-01-10T22:35:59
874,9,53,wishlist,2025-01-05T19:49:51
875,14,38,view,2025-01-06T15:09:29
876,25,62,add_to_cart,2025-01-13T12:42:40
877,33,128,view,2025-01-04T13:43:14
878,7,116,search,2025-01-11T11:27:33
879,27,90,view,2025-01-07T20:25:19
880,18,102,add_to_cart,2025-01-16T19:14:45
881,5,144,view,2025-01-02T21:58:51
882,45,150,view,2025-01-10T09:31:33
883,41,68,wishlist,2025-01-14T22:29:52
884,10,83,view,2025-01-12T17:48:35
885,12,55,search,2025-01-07T13:22:31
886,20,129,view,2025-01-11T16:54:41
887,29,147,wishlist,2025-01-09T12:10:52
888,2,96,view,2025-01-04T10:35:20
889,46,126,add_to_cart,2025-01-15T14:49:42
890,8,43,view,2025-01-06T19:51:11
891,48,109,view,2025-01-07T21:39:22
892,17,133,search,2025-01-13T15:55:47
893,32,81,view,2025-01-05T15:54:02
894,1,119,view,2025-01-09T18:42:15
895,31,24,add_to_cart,2025-01-17T09:59:33
896,9,41,view,2025-01-08T08:21:29
897,14,122,wishlist,2025-01-11T21:15:33
898,25,130,view,2025-01-03T10:12:10
899,33,40,view,2025-01-06T15:43:49
900,7,143,add_to_cart,2025-01-14T16:22:11
901,20,83,view,2025-01-14T15:33:51
902,33,109,wishlist,2025-01-08T10:22:11
903,12,147,view,2025-01-05T11:45:39
904,45,60,search,2025-01-10T19:14:55
905,29,145,add_to_cart,2025-01-17T16:21:01
906,32,41,view,2025-01-06T09:34:40
907,17,24,view,2025-01-11T13:39:19
908,8,134,add_to_cart,2025-01-15T20:51:47
909,48,110,view,2025-01-03T15:22:27
910,14,71,view,2025-01-02T19:48:31
911,7,136,wishlist,2025-01-12T14:20:50
912,2,55,view,2025-01-08T17:52:13
913,26,139,search,2025-01-04T13:53:15
914,11,24,view,2025-01-05T09:43:10
915,37,130,add_to_cart,2025-01-14T21:19:42
916,9,89,view,2025-01-07T16:22:59
917,5,111,view,2025-01-03T20:33:47
918,41,134,wishlist,2025-01-11T09:51:32
919,10,146,view,2025-01-13T17:19:33
920,25,92,search,2025-01-06T12:42:17
921,44,57,view,2025-01-04T16:25:55
922,30,128,search,2025-01-07T20:11:58
923,22,95,add_to_cart,2025-01-16T09:48:29
924,18,112,view,2025-01-15T10:52:12
925,36,71,view,2025-01-03T14:40:41
926,3,110,wishlist,2025-01-10T13:11:47
927,47,43,view,2025-01-05T18:29:12
928,1,66,view,2025-01-02T11:39:21
929,35,119,add_to_cart,2025-01-14T14:42:10
930,12,137,view,2025-01-07T18:50:41
931,31,21,view,2025-01-08T09:53:12
932,49,147,search,2025-01-13T20:45:55
933,8,130,view,2025-01-06T10:23:04
934,40,11,view,2025-01-03T15:33:25
935,6,40,wishlist,2025-01-11T17:31:14
936,27,54,view,2025-01-14T12:45:44
937,19,62,add_to_cart,2025-01-16T11:15:30
938,46,142,view,2025-01-09T08:55:17
939,28,145,view,2025-01-03T19:51:33
940,23,134,search,2025-01-07T22:31:40
941,14,64,view,2025-01-11T15:43:18
942,5,120,view,2025-01-06T20:23:55
943,32,44,add_to_cart,2025-01-17T19:50:23
944,11,146,wishlist,2025-01-12T10:12:47
945,37,52,view,2025-01-05T11:29:11
946,2,103,view,2025-01-09T08:29:33
947,41,114,search,2025-01-10T18:55:29
948,10,68,view,2025-01-04T12:43:57
949,20,91,add_to_cart,2025-01-15T16:39:32
950,26,39,view,2025-01-02T21:34:50
951,48,74,view,2025-01-06T14:20:47
952,14,41,search,2025-01-03T18:50:12
953,22,70,view,2025-01-13T15:22:44
954,9,101,wishlist,2025-01-09T17:23:19
955,12,32,view,2025-01-04T08:47:53
956,35,91,search,2025-01-11T19:43:56
957,7,108,view,2025-01-08T16:28:51
958,33,82,add_to_cart,2025-01-17T12:35:59
959,19,59,view,2025-01-06T12:51:40
960,25,149,wishlist,2025-01-12T11:28:57
961,44,73,view,2025-01-10T20:52:15
962,18,65,add_to_cart,2025-01-14T18:59:42
963,3,48,view,2025-01-05T19:20:51
964,47,126,view,2025-01-07T08:22:49
965,41,54,wishlist,2025-01-15T16:55:32
966,10,120,view,2025-01-03T13:28:44
967,30,94,view,2025-01-14T09:21:31
968,2,52,add_to_cart,2025-01-16T10:48:49
969,17,109,search,2025-01-11T22:23:56
970,5,80,view,2025-01-03T20:54:21
971,20,30,wishlist,2025-01-09T12:43:25
972,23,53,view,2025-01-10T17:52:44
973,29,91,add_to_cart,2025-01-15T18:42:18
974,1,47,view,2025-01-06T11:31:51
975,32,130,view,2025-01-11T12:55:10
976,27,101,search,2025-01-02T13:12:57
977,8,125,view,2025-01-07T20:41:08
978,35,144,wishlist,2025-01-12T18:18:32
979,41,49,view,2025-01-03T15:41:47
980,12,140,add_to_cart,2025-01-14T14:29:59
981,45,63,view,2025-01-05T16:28:14
982,10,150,view,2025-01-09T18:13:55
983,18,39,search,2025-01-11T10:55:50
984,26,112,view,2025-01-04T09:52:31
985,37,58,wishlist,2025-01-08T14:55:22
986,2,108,view,2025-01-07T10:49:11
987,44,129,add_to_cart,2025-01-17T11:22:25
988,29,33,view,2025-01-06T19:29:19
989,3,17,view,2025-01-02T20:58:30
990,25,84,search,2025-01-12T16:22:13
991,7,40,add_to_cart,2025-01-15T10:44:40
992,32,111,wishlist,2025-01-03T13:55:12
993,9,147,view,2025-01-08T21:15:51
994,14,26,view,2025-01-09T09:24:28
995,1,74,view,2025-01-05T14:30:09
996,33,132,search,2025-01-11T15:57:41
997,11,141,view,2025-01-06T12:49:56
998,46,139,add_to_cart,2025-01-14T21:44:52
999,48,115,view,2025-01-03T19:17:52
1000,17,43,view,2025-01-04T11:55:32
1001,20,129,view,2025-01-12T18:12:18
1002,22,35,wishlist,2025-01-10T20:41:49
1003,29,66,search,2025-01-14T22:23:40
1004,3,91,view,2025-01-06T10:33:14
1005,12,54,view,2025-01-05T21:29:33
1006,8,110,wishlist,2025-01-11T13:50:42
1007,27,28,add_to_cart,2025-01-15T19:49:59
1008,32,143,view,2025-01-03T17:32:16
1009,1,124,view,2025-01-07T14:39:52
1010,45,95,search,2025-01-12T12:39:41
1011,7,33,view,2025-01-04T11:33:10
1012,36,137,view,2025-01-09T15:42:31
1013,14,49,wishlist,2025-01-13T19:58:11
1014,10,119,view,2025-01-05T17:49:40
1015,5,70,view,2025-01-03T08:47:33
1016,23,126,search,2025-01-11T21:42:59
1017,19,16,view,2025-01-06T20:49:37
1018,11,62,wishlist,2025-01-10T18:22:11
1019,25,84,view,2025-01-07T14:43:02
1020,37,142,add_to_cart,2025-01-15T14:38:29
1021,41,50,view,2025-01-03T18:23:18
1022,46,115,view,2025-01-08T12:12:29
1023,2,132,search,2025-01-11T11:42:41
1024,22,88,view,2025-01-14T13:54:28
1025,29,121,add_to_cart,2025-01-16T20:29:21
1026,32,63,view,2025-01-02T17:44:55
1027,18,130,wishlist,2025-01-10T19:39:22
1028,6,93,view,2025-01-06T17:24:14
1029,14,146,view,2025-01-09T08:55:33
1030,12,35,add_to_cart,2025-01-13T09:31:27
1031,48,45,view,2025-01-05T12:35:19
1032,30,142,search,2025-01-03T20:41:58
1033,1,78,view,2025-01-07T19:28:33
1034,20,39,view,2025-01-04T18:21:55
1035,9,54,wishlist,2025-01-06T13:55:50
1036,5,147,view,2025-01-10T15:49:44
1037,27,82,add_to_cart,2025-01-17T14:22:51
1038,33,68,view,2025-01-11T10:33:16
1039,44,98,search,2025-01-08T19:58:10
1040,7,75,view,2025-01-02T16:52:41
1041,25,66,wishlist,2025-01-09T12:54:38
1042,35,117,view,2025-01-05T18:17:09
1043,3,30,view,2025-01-03T12:30:48
1044,23,148,add_to_cart,2025-01-12T20:34:14
1045,48,113,view,2025-01-07T09:31:22
1046,10,72,view,2025-01-04T14:28:29
1047,41,150,search,2025-01-11T18:51:39
1048,12,18,view,2025-01-06T10:47:41
1049,2,57,wishlist,2025-01-10T21:31:17
1050,33,39,view,2025-01-08T09:14:44
1051,20,72,view,2025-01-14T12:45:21
1052,14,119,wishlist,2025-01-09T17:12:44
1053,7,94,search,2025-01-06T15:28:31
1054,25,108,view,2025-01-08T21:14:49
1055,33,147,add_to_cart,2025-01-17T10:42:15
1056,12,53,view,2025-01-04T20:31:41
1057,48,70,view,2025-01-05T17:52:31
1058,5,131,add_to_cart,2025-01-16T13:19:48
1059,29,84,view,2025-01-07T09:31:21
1060,8,66,wishlist,2025-01-12T14:18:33
1061,41,136,view,2025-01-09T11:42:55
1062,10,103,search,2025-01-03T13:49:51
1063,32,128,view,2025-01-06T20:25:14
1064,17,41,view,2025-01-05T15:35:47
1065,46,101,search,2025-01-14T18:33:01
1066,2,75,view,2025-01-03T18:50:19
1067,45,117,view,2025-01-10T19:42:33
1068,11,22,wishlist,2025-01-12T09:44:55
1069,36,83,view,2025-01-08T07:41:29
1070,1,140,view,2025-01-04T12:51:37
1071,37,60,add_to_cart,2025-01-17T11:38:22
1072,12,43,view,2025-01-06T14:20:57
1073,22,52,view,2025-01-11T10:42:33
1074,29,142,wishlist,2025-01-14T08:41:29
1075,7,97,view,2025-01-05T10:18:52
1076,25,119,add_to_cart,2025-01-16T14:51:27
1077,33,61,view,2025-01-02T09:45:11
1078,8,37,search,2025-01-09T22:58:40
1079,48,144,view,2025-01-07T19:45:31
1080,5,50,wishlist,2025-01-11T13:55:42
1081,41,18,view,2025-01-04T17:38:01
1082,10,136,view,2025-01-03T11:50:39
1083,46,54,add_to_cart,2025-01-15T09:43:21
1084,2,98,view,2025-01-07T18:41:32
1085,20,142,search,2025-01-05T20:49:27
1086,14,72,view,2025-01-12T09:39:53
1087,37,84,view,2025-01-02T15:12:24
1088,23,130,wishlist,2025-01-11T16:34:22
1089,12,38,add_to_cart,2025-01-13T12:49:10
1090,45,147,view,2025-01-08T14:20:14
1091,29,89,view,2025-01-05T14:42:11
1092,2,73,search,2025-01-09T10:39:52
1093,7,132,add_to_cart,2025-01-17T15:34:45
1094,33,45,view,2025-01-04T22:29:31
1095,25,110,view,2025-01-06T08:31:27
1096,8,150,wishlist,2025-01-14T21:12:32
1097,48,119,view,2025-01-03T12:52:51
1098,5,22,view,2025-01-07T13:48:20
1099,41,68,search,2025-01-10T15:33:23
1100,12,105,view,2025-01-05T16:32:11
1101,20,74,add_to_cart,2025-01-16T18:53:59
1102,14,130,view,2025-01-08T18:18:33
1103,37,91,view,2025-01-04T17:52:10
1104,22,120,wishlist,2025-01-12T14:45:53
1105,29,47,view,2025-01-03T20:42:17
1106,7,16,view,2025-01-09T12:11:49
1107,25,109,search,2025-01-14T11:52:33
1108,48,52,wishlist,2025-01-06T22:15:40
1109,5,117,view,2025-01-08T16:21:52
1110,41,143,add_to_cart,2025-01-17T10:44:29
1111,12,26,view,2025-01-02T14:25:33
1112,46,94,search,2025-01-11T20:22:41
1113,2,66,view,2025-01-09T10:32:55
1114,20,148,view,2025-01-05T22:49:51
1115,14,21,wishlist,2025-01-13T19:33:18
1116,37,134,add_to_cart,2025-01-16T17:41:21
1117,7,60,view,2025-01-03T13:47:12
1118,8,114,view,2025-01-10T19:31:55
1119,48,143,search,2025-01-08T09:35:14
1120,5,59,view,2025-01-04T11:25:47
1121,41,90,wishlist,2025-01-11T17:42:11
1122,12,126,view,2025-01-07T15:44:42
1123,20,120,view,2025-01-02T21:15:14
1124,14,52,add_to_cart,2025-01-14T13:12:28
1125,37,47,view,2025-01-06T18:21:55
1126,33,91,view,2025-01-08T14:10:49
1127,25,66,wishlist,2025-01-11T21:18:33
1128,7,88,view,2025-01-05T17:54:19
1129,29,107,view,2025-01-09T09:56:30
1130,48,55,add_to_cart,2025-01-13T16:39:45
1131,5,139,view,2025-01-04T15:14:51
1132,41,108,view,2025-01-06T09:52:55
1133,12,76,search,2025-01-03T18:42:33
1134,20,33,add_to_cart,2025-01-15T19:31:58
1135,7,112,wishlist,2025-01-09T16:27:42
1136,33,119,view,2025-01-08T17:51:54
1137,8,104,view,2025-01-07T19:02:15
1138,48,57,view,2025-01-04T18:10:33
1139,5,143,add_to_cart,2025-01-17T14:19:22
1140,41,25,view,2025-01-06T12:19:44
1141,12,62,wishlist,2025-01-11T19:11:28
1142,20,116,view,2025-01-03T17:33:11
1143,14,101,view,2025-01-08T22:29:57
1144,37,33,search,2025-01-05T10:12:33
1145,7,144,view,2025-01-12T10:32:19
1146,33,60,add_to_cart,2025-01-14T18:32:49
1147,25,39,view,2025-01-02T16:43:27
1148,8,102,wishlist,2025-01-09T20:15:11
1149,48,148,view,2025-01-05T13:49:32
1150,5,28,search,2025-01-04T09:54:29
1151,41,30,view,2025-01-07T08:35:58
1152,12,40,view,2025-01-06T13:43:07
1153,20,58,wishlist,2025-01-12T14:20:56
1154,14,118,add_to_cart,2025-01-16T10:41:43
1155,37,63,view,2025-01-09T17:29:14
1156,33,130,search,2025-01-11T18:21:41
1157,25,96,view,2025-01-06T22:25:40
1158,7,39,view,2025-01-03T17:15:01
1159,8,117,add_to_cart,2025-01-15T13:42:29
1160,48,50,view,2025-01-04T21:55:37
1161,5,136,view,2025-01-07T10:51:22
1162,41,149,wishlist,2025-01-12T11:28:40
1163,12,119,view,2025-01-02T19:31:49
1164,20,52,view,2025-01-05T16:37:11
1165,14,144,add_to_cart,2025-01-17T09:45:28
1166,37,140,view,2025-01-06T14:18:59
1167,33,34,view,2025-01-04T10:21:33
1168,25,145,search,2025-01-10T11:43:21
1169,7,66,view,2025-01-08T12:11:19
1170,29,40,add_to_cart,2025-01-15T14:13:55
1171,8,109,view,2025-01-03T14:31:28
1172,48,129,wishlist,2025-01-09T21:41:22
1173,5,147,view,2025-01-06T17:35:18
1174,41,88,search,2025-01-08T20:41:59
1175,12,37,add_to_cart,2025-01-14T14:17:31
1176,20,105,view,2025-01-04T12:32:10
1177,14,43,view,2025-01-02T15:29:59
1178,37,52,wishlist,2025-01-11T13:15:54
1179,33,117,view,2025-01-06T21:42:23
1180,25,83,view,2025-01-09T10:32:50
1181,7,81,search,2025-01-04T19:35:10
1182,8,99,view,2025-01-08T17:54:12
1183,48,26,view,2025-01-05T10:53:37
1184,5,48,wishlist,2025-01-12T18:31:27
1185,41,53,view,2025-01-03T14:19:11
1186,12,142,view,2025-01-07T17:43:22
1187,20,44,add_to_cart,2025-01-15T12:38:55
1188,14,97,view,2025-01-04T21:25:31
1189,37,150,view,2025-01-03T19:29:44
1190,33,47,wishlist,2025-01-11T10:19:59
1191,25,94,view,2025-01-06T15:27:51
1192,7,19,view,2025-01-05T09:53:10
1193,29,128,search,2025-01-14T22:09:44
1194,8,52,add_to_cart,2025-01-13T16:51:01
1195,48,86,view,2025-01-02T18:51:48
1196,5,145,view,2025-01-08T13:38:21
1197,41,107,wishlist,2025-01-12T12:55:32
1198,12,150,add_to_cart,2025-01-16T16:15:29
1199,20,31,view,2025-01-03T10:49:55
1200,14,63,view,2025-01-04T13:57:33
1201,37,125,add_to_cart,2025-01-17T10:49:42
1202,29,143,view,2025-01-07T15:20:31
1203,7,56,search,2025-01-04T21:43:22
1204,23,108,view,2025-01-06T08:33:11
1205,20,32,add_to_cart,2025-01-15T18:22:41
1206,33,70,view,2025-01-03T12:14:52
1207,14,91,wishlist,2025-01-09T20:42:39
1208,48,121,view,2025-01-05T13:21:25
1209,12,33,view,2025-01-04T09:22:57
1210,45,115,search,2025-01-13T19:28:55
1211,5,47,view,2025-01-02T17:29:31
1212,41,83,add_to_cart,2025-01-16T14:15:11
1213,9,135,view,2025-01-08T21:12:44
1214,46,143,wishlist,2025-01-11T18:51:54
1215,1,102,view,2025-01-07T10:12:00
1216,32,67,add_to_cart,2025-01-14T08:43:01
1217,25,140,view,2025-01-06T20:23:44
1218,8,55,view,2025-01-05T09:41:49
1219,29,31,search,2025-01-12T18:42:11
1220,12,95,add_to_cart,2025-01-15T11:19:33
1221,37,148,view,2025-01-03T20:16:22
1222,33,58,view,2025-01-04T11:55:10
1223,20,123,search,2025-01-10T22:03:21
1224,14,63,view,2025-01-05T14:51:49
1225,41,69,wishlist,2025-01-13T19:14:11
1226,5,142,view,2025-01-08T14:22:40
1227,47,71,view,2025-01-07T16:41:39
1228,29,135,add_to_cart,2025-01-17T13:33:52
1229,8,123,view,2025-01-02T18:52:51
1230,2,48,search,2025-01-14T11:55:31
1231,45,74,view,2025-01-09T10:50:17
1232,10,136,view,2025-01-04T19:32:44
1233,23,81,wishlist,2025-01-11T17:50:27
1234,1,13,view,2025-01-05T12:17:51
1235,37,141,add_to_cart,2025-01-15T16:51:30
1236,12,49,search,2025-01-03T15:44:29
1237,25,72,view,2025-01-10T13:14:27
1238,48,33,view,2025-01-07T09:19:04
1239,7,146,add_to_cart,2025-01-14T12:49:21
1240,14,108,view,2025-01-06T18:39:47
1241,41,97,view,2025-01-02T21:23:35
1242,29,114,search,2025-01-11T12:25:10
1243,5,58,view,2025-01-03T18:55:20
1244,10,142,view,2025-01-12T19:47:55
1245,22,139,wishlist,2025-01-08T17:37:22
1246,33,67,view,2025-01-06T14:59:44
1247,32,100,add_to_cart,2025-01-16T21:11:14
1248,27,52,view,2025-01-04T13:15:55
1249,12,137,view,2025-01-03T15:44:15
1250,48,55,search,2025-01-09T10:42:59
1251,41,117,view,2025-01-06T11:12:43
1252,37,52,wishlist,2025-01-11T14:54:29
1253,29,21,add_to_cart,2025-01-15T19:14:49
1254,1,38,view,2025-01-08T12:54:37
1255,10,150,view,2025-01-05T18:33:17
1256,5,74,wishlist,2025-01-12T09:57:59
1257,23,61,view,2025-01-07T15:52:11
1258,20,134,add_to_cart,2025-01-17T12:49:42
1259,2,68,view,2025-01-04T13:57:09
1260,29,49,view,2025-01-03T17:23:21
1261,12,132,search,2025-01-14T16:21:13
1262,45,135,view,2025-01-10T08:38:01
1263,7,148,wishlist,2025-01-03T20:21:59
1264,48,35,view,2025-01-06T21:34:14
1265,1,119,view,2025-01-02T17:44:28
1266,20,146,view,2025-01-09T20:33:33
1267,33,55,add_to_cart,2025-01-14T11:29:27
1268,41,82,view,2025-01-08T11:43:06
1269,5,103,view,2025-01-07T18:22:59
1270,14,114,search,2025-01-05T21:40:58
1271,37,58,view,2025-01-02T15:57:41
1272,29,30,wishlist,2025-01-11T12:39:27
1273,10,136,view,2025-01-04T18:38:55
1274,32,121,wishlist,2025-01-13T19:31:34
1275,23,75,add_to_cart,2025-01-15T08:11:40
1276,7,57,view,2025-01-06T17:12:41
1277,12,118,view,2025-01-02T09:24:31
1278,48,63,add_to_cart,2025-01-17T16:29:59
1279,1,37,view,2025-01-07T20:32:14
1280,20,104,view,2025-01-05T13:21:44
1281,33,143,search,2025-01-10T15:18:56
1282,2,98,wishlist,2025-01-12T10:29:22
1283,14,124,view,2025-01-06T11:33:55
1284,41,30,add_to_cart,2025-01-15T09:27:40
1285,5,60,view,2025-01-04T12:33:17
1286,29,86,view,2025-01-07T08:51:57
1287,12,91,wishlist,2025-01-11T19:31:33
1288,48,118,search,2025-01-08T21:10:02
1289,7,150,view,2025-01-03T14:33:28
1290,20,35,view,2025-01-02T18:32:54
1291,32,111,view,2025-01-09T11:21:43
1292,37,83,wishlist,2025-01-13T14:39:41
1293,1,12,view,2025-01-04T17:44:51
1294,33,95,add_to_cart,2025-01-16T11:51:55
1295,25,57,view,2025-01-07T19:31:14
1296,29,140,view,2025-01-03T20:21:37
1297,12,102,view,2025-01-04T21:21:57
1298,48,53,wishlist,2025-01-11T16:50:25
1299,5,149,view,2025-01-02T11:52:59
1300,20,70,search,2025-01-12T09:38:33
1301,14,127,view,2025-01-06T16:41:18
1302,37,26,add_to_cart,2025-01-15T21:25:51
1303,41,59,view,2025-01-09T14:49:31
1304,2,112,view,2025-01-08T13:33:04
1305,29,117,search,2025-01-10T11:42:42
1306,7,39,wishlist,2025-01-11T12:57:27
1307,23,132,view,2025-01-05T10:31:52
1308,12,138,add_to_cart,2025-01-17T18:51:14
1309,48,76,view,2025-01-06T15:32:11
1310,5,119,view,2025-01-09T14:19:07
1311,20,65,wishlist,2025-01-13T09:45:19
1312,33,81,view,2025-01-03T17:38:11
1313,41,130,search,2025-01-08T21:45:26
1314,25,58,wishlist,2025-01-12T16:14:59
1315,7,122,add_to_cart,2025-01-15T18:17:48
1316,29,43,view,2025-01-02T10:22:41
1317,37,71,view,2025-01-04T15:14:33
1318,14,24,add_to_cart,2025-01-17T10:39:51
1319,20,112,view,2025-01-05T12:25:44
1320,33,140,view,2025-01-02T13:31:47
1321,12,93,search,2025-01-11T19:48:12
1322,48,147,view,2025-01-03T16:32:18
1323,5,137,wishlist,2025-01-10T20:13:51
1324,41,90,add_to_cart,2025-01-16T15:43:18
1325,29,121,view,2025-01-08T18:34:44
1326,7,63,view,2025-01-06T09:51:55
1327,23,59,wishlist,2025-01-13T09:25:57
1328,12,30,view,2025-01-04T17:21:44
1329,37,119,view,2025-01-07T20:51:31
1330,14,102,search,2025-01-09T22:19:41
1331,20,148,view,2025-01-06T11:39:51
1332,33,110,add_to_cart,2025-01-15T15:41:00
1333,48,82,view,2025-01-05T08:42:57
1334,5,150,view,2025-01-03T20:56:40
1335,29,68,wishlist,2025-01-12T11:28:47
1336,12,126,add_to_cart,2025-01-16T14:18:42
1337,37,30,view,2025-01-03T18:23:55
1338,41,52,search,2025-01-14T21:41:21
1339,7,115,view,2025-01-05T11:59:10
1340,25,94,view,2025-01-09T15:42:18
1341,29,147,add_to_cart,2025-01-17T17:29:41
1342,12,68,wishlist,2025-01-11T20:25:32
1343,48,136,view,2025-01-08T09:31:51
1344,1,83,view,2025-01-06T18:57:30
1345,20,41,view,2025-01-04T20:24:55
1346,33,147,search,2025-01-13T08:43:21
1347,7,50,view,2025-01-02T12:40:29
1348,29,112,wishlist,2025-01-10T18:22:14
1349,12,145,view,2025-01-07T10:39:03
1350,41,133,add_to_cart,2025-01-15T16:52:57
1351,20,119,view,2025-01-12T14:51:39
1352,14,83,wishlist,2025-01-09T21:44:52
1353,7,49,view,2025-01-05T18:52:11
1354,25,66,search,2025-01-03T16:43:55
1355,33,137,add_to_cart,2025-01-15T12:14:33
1356,12,100,view,2025-01-04T09:58:17
1357,48,63,view,2025-01-06T13:47:40
1358,5,35,search,2025-01-12T12:22:19
1359,29,114,view,2025-01-09T14:49:21
1360,41,143,wishlist,2025-01-10T20:40:58
1361,8,72,view,2025-01-02T18:10:11
1362,45,119,add_to_cart,2025-01-16T14:41:23
1363,10,147,view,2025-01-06T19:33:48
1364,2,58,view,2025-01-03T17:52:57
1365,46,112,search,2025-01-08T10:55:14
1366,37,62,wishlist,2025-01-11T19:31:41
1367,1,130,view,2025-01-05T16:48:56
1368,23,91,view,2025-01-07T08:27:41
1369,20,45,add_to_cart,2025-01-14T18:41:29
1370,12,139,view,2025-01-02T15:23:50
1371,33,101,search,2025-01-13T20:39:58
1372,48,52,wishlist,2025-01-10T15:50:21
1373,14,109,view,2025-01-04T18:57:19
1374,41,74,view,2025-01-03T12:12:40
1375,8,150,add_to_cart,2025-01-16T09:33:22
1376,29,27,view,2025-01-07T19:25:11
1377,37,142,wishlist,2025-01-12T18:25:34
1378,2,44,view,2025-01-05T11:29:03
1379,10,63,search,2025-01-09T13:11:44
1380,20,33,view,2025-01-02T08:53:18
1381,25,80,view,2025-01-04T19:58:55
1382,33,147,view,2025-01-06T17:41:36
1383,12,61,add_to_cart,2025-01-14T16:37:11
1384,41,94,view,2025-01-08T11:52:36
1385,29,137,wishlist,2025-01-10T21:20:41
1386,14,71,view,2025-01-07T10:17:29
1387,48,132,search,2025-01-11T09:19:18
1388,5,29,view,2025-01-03T13:57:11
1389,32,48,add_to_cart,2025-01-16T18:22:54
1390,7,97,view,2025-01-05T14:19:44
1391,20,140,view,2025-01-04T10:32:16
1392,23,58,search,2025-01-14T18:18:11
1393,14,143,wishlist,2025-01-09T16:51:24
1394,10,52,view,2025-01-02T17:44:39
1395,41,30,view,2025-01-07T20:31:33
1396,12,134,search,2025-01-03T21:22:51
1397,29,118,add_to_cart,2025-01-17T11:43:40
1398,1,57,view,2025-01-06T15:32:57
1399,33,120,view,2025-01-02T18:14:22
1400,37,75,wishlist,2025-01-11T20:48:33
1401,25,98,view,2025-01-05T11:33:34
1402,20,57,add_to_cart,2025-01-14T15:29:11
1403,48,122,view,2025-01-06T12:28:37
1404,14,32,view,2025-01-08T10:29:44
1405,29,43,view,2025-01-03T21:22:31
1406,12,48,wishlist,2025-01-11T09:47:22
1407,2,127,search,2025-01-10T17:49:59
1408,33,88,view,2025-01-04T18:32:52
1409,7,120,add_to_cart,2025-01-16T20:48:33
1410,41,86,view,2025-01-02T12:56:25
1411,10,119,wishlist,2025-01-09T18:31:10
1412,37,84,view,2025-01-06T19:47:34
1413,25,56,search,2025-01-13T12:49:27
1414,20,102,view,2025-01-03T22:55:41
1415,29,35,view,2025-01-07T17:55:12
1416,48,101,add_to_cart,2025-01-15T14:57:14
1417,14,142,view,2025-01-05T08:53:19
1418,5,117,view,2025-01-08T11:28:32
1419,33,49,search,2025-01-10T19:43:01
1420,12,73,view,2025-01-04T09:52:41
1421,37,90,add_to_cart,2025-01-17T10:39:58
1422,41,141,view,2025-01-05T13:11:17
1423,20,78,wishlist,2025-01-11T12:28:22
1424,29,97,view,2025-01-09T16:31:33
1425,48,126,view,2025-01-04T15:21:51
1426,14,84,search,2025-01-03T17:18:19
1427,12,66,wishlist,2025-01-12T10:53:28
1428,33,125,view,2025-01-06T20:48:11
1429,41,117,add_to_cart,2025-01-16T18:51:47
1430,20,31,view,2025-01-05T09:48:51
1431,5,141,view,2025-01-03T13:19:20
1432,29,50,search,2025-01-07T18:42:59
1433,48,138,wishlist,2025-01-10T12:14:21
1434,14,91,view,2025-01-04T19:21:39
1435,12,36,add_to_cart,2025-01-14T20:19:42
1436,37,68,view,2025-01-02T15:30:50
1437,25,97,view,2025-01-08T17:29:29
1438,33,102,search,2025-01-11T15:44:51
1439,7,47,wishlist,2025-01-05T21:48:51
1440,20,145,view,2025-01-09T14:52:31
1441,41,81,view,2025-01-04T17:38:27
1442,29,139,add_to_cart,2025-01-15T17:51:13
1443,12,150,view,2025-01-03T16:22:59
1444,1,128,view,2025-01-07T21:43:51
1445,48,73,search,2025-01-12T19:47:21
1446,33,52,wishlist,2025-01-09T13:58:57
1447,14,134,view,2025-01-05T12:13:18
1448,25,61,add_to_cart,2025-01-16T16:48:41
1449,10,116,view,2025-01-04T20:52:29
1450,37,27,view,2025-01-02T18:33:42
1451,20,66,wishlist,2025-01-11T21:43:32
1452,7,140,add_to_cart,2025-01-14T13:59:12
1453,41,58,view,2025-01-09T11:22:14
1454,29,147,view,2025-01-06T08:19:37
1455,48,124,wishlist,2025-01-10T16:51:51
1456,14,30,search,2025-01-03T19:44:10
1457,12,56,view,2025-01-02T09:57:44
1458,33,129,add_to_cart,2025-01-15T11:18:22
1459,5,137,view,2025-01-05T15:39:33
1460,20,44,search,2025-01-07T14:29:40
1461,29,99,wishlist,2025-01-11T19:52:30
1462,41,83,view,2025-01-04T12:29:45
1463,7,53,view,2025-01-08T13:28:17
1464,37,114,search,2025-01-10T18:59:14
1465,48,147,add_to_cart,2025-01-17T12:55:21
1466,14,61,view,2025-01-06T12:50:40
1467,12,117,wishlist,2025-01-12T11:49:22
1468,33,96,view,2025-01-07T15:23:09
1469,25,135,view,2025-01-03T17:51:21
1470,29,81,search,2025-01-09T16:31:59
1471,7,74,wishlist,2025-01-10T20:41:17
1472,20,52,view,2025-01-05T13:35:27
1473,41,130,view,2025-01-02T16:50:19
1474,29,63,add_to_cart,2025-01-14T18:35:11
1475,48,132,view,2025-01-08T19:51:39
1476,14,119,view,2025-01-07T14:31:59
1477,12,105,search,2025-01-03T10:32:53
1478,33,124,view,2025-01-06T21:22:33
1479,25,98,wishlist,2025-01-11T22:30:51
1480,37,83,view,2025-01-04T20:11:44
1481,10,68,view,2025-01-02T18:45:51
1482,41,32,search,2025-01-13T12:29:44
1483,20,131,wishlist,2025-01-09T14:13:29
1484,29,78,view,2025-01-06T17:35:57
1485,14,67,view,2025-01-03T11:29:31
1486,48,147,view,2025-01-05T10:18:40
1487,12,37,add_to_cart,2025-01-15T10:31:27
1488,33,81,wishlist,2025-01-12T13:22:42
1489,25,140,view,2025-01-08T19:41:19
1490,37,34,add_to_cart,2025-01-17T14:52:33
1491,41,56,view,2025-01-04T15:29:58
1492,20,83,search,2025-01-09T10:29:24
1493,29,147,wishlist,2025-01-11T21:58:31
1494,14,78,view,2025-01-03T15:42:33
1495,12,143,view,2025-01-02T14:41:57
1496,33,60,search,2025-01-10T20:41:54
1497,25,123,view,2025-01-07T14:11:49
1498,48,45,add_to_cart,2025-01-16T19:37:40
1499,37,112,view,2025-01-05T11:31:01
1500,41,147,view,2025-01-08T10:29:33
1501,12,111,view,2025-01-04T11:41:27
1502,20,52,wishlist,2025-01-09T20:32:11
1503,29,137,search,2025-01-12T13:53:14
1504,7,76,add_to_cart,2025-01-14T17:49:31
1505,33,33,view,2025-01-06T10:21:55
1506,14,145,view,2025-01-03T15:17:48
1507,48,120,search,2025-01-09T18:28:17
1508,5,62,view,2025-01-02T17:38:19
1509,41,80,wishlist,2025-01-11T16:53:55
1510,10,150,view,2025-01-07T19:17:49
1511,37,94,add_to_cart,2025-01-17T11:40:51
1512,12,134,view,2025-01-09T12:18:44
1513,29,52,search,2025-01-14T09:51:21
1514,20,73,view,2025-01-05T18:43:58
1515,33,137,view,2025-01-08T20:51:33
1516,41,44,add_to_cart,2025-01-15T14:10:24
1517,8,109,view,2025-01-03T09:45:51
1518,14,120,search,2025-01-12T10:59:41
1519,48,80,wishlist,2025-01-10T09:51:18
1520,7,103,view,2025-01-04T14:51:10
1521,25,139,view,2025-01-09T17:29:43
1522,32,71,add_to_cart,2025-01-16T12:57:32
1523,5,125,view,2025-01-06T14:20:45
1524,10,58,view,2025-01-02T11:42:10
1525,20,101,wishlist,2025-01-13T21:15:59
1526,14,56,view,2025-01-03T17:35:41
1527,29,138,add_to_cart,2025-01-15T19:39:49
1528,12,49,search,2025-01-08T11:51:27
1529,48,88,view,2025-01-04T18:17:21
1530,41,77,view,2025-01-07T12:29:38
1531,33,99,wishlist,2025-01-10T16:18:51
1532,7,146,view,2025-01-05T16:13:20
1533,20,54,add_to_cart,2025-01-14T11:59:43
1534,14,83,view,2025-01-06T15:28:12
1535,12,128,view,2025-01-03T21:18:41
1536,25,43,search,2025-01-11T18:25:32
1537,48,115,view,2025-01-08T20:43:10
1538,29,138,view,2025-01-02T10:11:14
1539,10,117,wishlist,2025-01-12T14:20:31
1540,41,133,view,2025-01-09T12:43:12
1541,37,55,add_to_cart,2025-01-15T18:39:41
1542,5,127,view,2025-01-07T19:25:20
1543,20,40,view,2025-01-04T10:18:37
1544,12,96,add_to_cart,2025-01-13T19:42:55
1545,33,65,view,2025-01-03T18:30:41
1546,48,73,search,2025-01-11T17:23:14
1547,29,146,wishlist,2025-01-10T11:13:17
1548,14,97,view,2025-01-02T15:57:11
1549,7,61,view,2025-01-07T10:33:53
1550,41,128,search,2025-01-12T09:14:44
1551,10,102,view,2025-01-04T17:52:21
1552,20,35,wishlist,2025-01-09T20:12:44
1553,12,147,view,2025-01-06T18:19:38
1554,33,59,add_to_cart,2025-01-17T13:42:21
1555,29,144,view,2025-01-09T14:51:31
1556,48,35,view,2025-01-03T11:57:11
1557,41,83,wishlist,2025-01-11T10:29:43
1558,14,110,search,2025-01-07T16:32:31
1559,20,132,view,2025-01-05T10:33:31
1560,7,140,add_to_cart,2025-01-14T14:53:42
1561,12,41,wishlist,2025-01-12T18:14:21
1562,33,75,view,2025-01-02T16:29:27
1563,29,81,view,2025-01-06T21:54:10
1564,48,121,add_to_cart,2025-01-15T10:58:15
1565,25,112,view,2025-01-04T15:42:14
1566,20,44,view,2025-01-02T17:29:19
1567,41,94,view,2025-01-07T14:28:51
1568,5,136,search,2025-01-13T22:47:10
1569,10,74,view,2025-01-05T10:29:19
1570,33,60,add_to_cart,2025-01-16T11:15:57
1571,12,88,view,2025-01-03T21:14:50
1572,14,111,view,2025-01-08T13:51:17
1573,29,33,search,2025-01-10T10:51:31
1574,48,93,view,2025-01-04T12:29:46
1575,20,86,wishlist,2025-01-11T19:29:33
1576,41,145,view,2025-01-08T18:33:23
1577,7,60,view,2025-01-06T19:11:12
1578,12,73,search,2025-01-09T12:48:51
1579,33,147,view,2025-01-02T20:49:11
1580,29,140,wishlist,2025-01-14T21:44:29
1581,14,42,add_to_cart,2025-01-17T13:15:39
1582,48,137,view,2025-01-05T14:25:18
1583,20,66,view,2025-01-04T09:20:22
1584,5,128,view,2025-01-07T11:18:11
1585,33,84,search,2025-01-12T10:43:33
1586,12,99,add_to_cart,2025-01-14T19:58:16
1587,29,34,view,2025-01-03T14:53:27
1588,41,111,view,2025-01-06T13:56:40
1589,14,84,search,2025-01-03T11:29:59
1590,7,104,add_to_cart,2025-01-16T10:22:10
1591,20,73,view,2025-01-08T19:25:52
1592,48,113,view,2025-01-05T17:14:41
1593,33,109,search,2025-01-10T21:42:32
1594,29,116,wishlist,2025-01-12T09:29:22
1595,12,38,view,2025-01-02T12:25:41
1596,14,129,wishlist,2025-01-11T16:57:59
1597,41,69,view,2025-01-04T15:34:21
1598,33,115,add_to_cart,2025-01-15T14:11:48
1599,20,110,view,2025-01-07T10:51:31
1600,7,65,view,2025-01-03T15:23:11
1601,12,142,add_to_cart,2025-01-14T12:56:43
1602,29,101,view,2025-01-05T19:22:50
1603,48,147,view,2025-01-03T18:47:11
1604,33,54,search,2025-01-08T12:33:14
1605,14,41,view,2025-01-06T20:44:52
1606,20,115,view,2025-01-02T10:19:18
1607,7,133,wishlist,2025-01-11T11:14:28
1608,12,75,view,2025-01-04T12:35:19
1609,29,140,search,2025-01-09T21:31:41
1610,33,72,view,2025-01-07T10:52:50
1611,48,126,wishlist,2025-01-10T20:43:21
1612,20,49,view,2025-01-03T21:21:15
1613,7,88,add_to_cart,2025-01-15T13:22:10
1614,12,109,view,2025-01-08T09:42:14
1615,29,61,view,2025-01-07T11:57:42
1616,33,150,add_to_cart,2025-01-17T11:12:51
1617,48,140,view,2025-01-04T21:58:37
1618,20,63,search,2025-01-05T17:38:41
1619,14,136,view,2025-01-02T16:20:10
1620,7,83,wishlist,2025-01-11T19:40:54
1621,12,41,search,2025-01-10T10:14:37
1622,29,135,view,2025-01-09T13:43:23
1623,33,119,view,2025-01-06T14:25:19
1624,48,89,add_to_cart,2025-01-15T18:21:55
1625,20,142,view,2025-01-03T19:32:49
1626,14,52,wishlist,2025-01-12T11:58:31
1627,7,147,view,2025-01-04T20:21:43
1628,12,118,view,2025-01-02T09:54:29
1629,29,49,search,2025-01-08T13:20:59
1630,33,138,view,2025-01-05T10:23:57
1631,48,102,view,2025-01-07T17:38:50
1632,20,81,add_to_cart,2025-01-14T10:29:14
1633,14,129,view,2025-01-06T09:28:01
1634,12,146,view,2025-01-03T18:47:33
1635,29,78,wishlist,2025-01-12T14:42:41
1636,33,106,search,2025-01-09T12:15:59
1637,7,113,view,2025-01-04T14:19:52
1638,48,64,add_to_cart,2025-01-16T09:28:10
1639,20,122,view,2025-01-05T21:28:18
1640,14,140,search,2025-01-11T09:32:45
1641,12,35,wishlist,2025-01-09T20:23:21
1642,29,89,view,2025-01-03T17:35:57
1643,33,132,view,2025-01-07T16:33:48
1644,48,83,search,2025-01-12T10:19:24
1645,20,120,view,2025-01-06T22:22:39
1646,14,49,view,2025-01-04T10:52:55
1647,7,63,wishlist,2025-01-10T19:39:51
1648,12,71,add_to_cart,2025-01-14T21:10:11
1649,29,100,view,2025-01-02T20:37:19
1650,33,91,view,2025-01-08T12:15:22
1651,20,115,view,2025-01-06T18:55:41
1652,14,134,wishlist,2025-01-12T11:43:33
1653,7,52,view,2025-01-04T19:12:44
1654,29,113,search,2025-01-10T14:39:58
1655,33,140,add_to_cart,2025-01-15T17:51:21
1656,12,86,view,2025-01-03T16:14:41
1657,48,32,view,2025-01-05T10:41:29
1658,5,143,wishlist,2025-01-11T20:51:03
1659,41,67,view,2025-01-07T12:23:40
1660,10,108,view,2025-01-02T11:15:39
1661,37,92,search,2025-01-14T19:48:17
1662,25,54,view,2025-01-06T18:49:33
1663,14,96,add_to_cart,2025-01-13T14:11:24
1664,20,140,view,2025-01-03T20:31:22
1665,33,52,view,2025-01-05T09:55:11
1666,48,111,wishlist,2025-01-09T13:18:40
1667,7,37,view,2025-01-04T16:25:29
1668,12,126,search,2025-01-10T21:42:28
1669,29,147,view,2025-01-08T14:54:03
1670,41,135,view,2025-01-06T19:42:59
1671,20,38,add_to_cart,2025-01-15T10:13:22
1672,14,44,view,2025-01-03T12:19:49
1673,5,146,view,2025-01-07T09:42:51
1674,33,117,search,2025-01-12T20:58:30
1675,8,93,view,2025-01-05T14:22:15
1676,12,100,add_to_cart,2025-01-14T18:43:55
1677,29,63,view,2025-01-02T13:18:33
1678,41,108,view,2025-01-08T20:53:56
1679,14,147,search,2025-01-11T19:27:44
1680,20,76,view,2025-01-06T21:12:10
1681,33,30,wishlist,2025-01-10T22:43:51
1682,5,118,view,2025-01-03T15:31:24
1683,48,136,add_to_cart,2025-01-16T11:14:32
1684,12,25,view,2025-01-05T17:15:51
1685,37,88,search,2025-01-09T10:49:38
1686,14,132,view,2025-01-04T09:44:10
1687,20,109,wishlist,2025-01-12T18:24:13
1688,7,77,view,2025-01-03T18:41:55
1689,29,31,add_to_cart,2025-01-15T19:55:22
1690,33,114,view,2025-01-06T11:51:57
1691,5,112,search,2025-01-10T12:18:10
1692,12,127,view,2025-01-02T20:43:23
1693,41,49,view,2025-01-07T15:32:14
1694,48,105,wishlist,2025-01-11T09:51:10
1695,8,140,view,2025-01-04T18:20:55
1696,29,110,search,2025-01-12T14:42:58
1697,14,61,add_to_cart,2025-01-14T21:31:21
1698,20,52,view,2025-01-03T19:22:39
1699,33,141,view,2025-01-06T14:21:49
1700,37,78,wishlist,2025-01-09T13:43:29
1701,12,97,view,2025-01-05T09:18:54
1702,48,59,search,2025-01-08T12:48:33
1703,5,111,add_to_cart,2025-01-15T09:11:47
1704,29,116,view,2025-01-07T10:28:22
1705,41,130,wishlist,2025-01-10T18:42:16
1706,14,120,view,2025-01-04T17:51:33
1707,33,72,view,2025-01-03T13:13:10
1708,37,92,view,2025-01-06T20:59:22
1709,20,148,search,2025-01-11T16:51:58
1710,12,44,wishlist,2025-01-09T22:15:44
1711,48,68,view,2025-01-02T10:42:11
1712,5,119,view,2025-01-07T19:49:59
1713,14,146,search,2025-01-08T19:10:15
1714,29,40,view,2025-01-04T18:17:37
1715,33,68,add_to_cart,2025-01-14T13:33:20
1716,37,87,view,2025-01-06T09:17:41
1717,20,122,view,2025-01-03T15:23:02
1718,12,51,search,2025-01-10T20:58:21
1719,48,71,wishlist,2025-01-12T12:18:44
1720,5,30,view,2025-01-02T17:58:12
1721,14,107,view,2025-01-06T16:40:29
1722,29,149,view,2025-01-07T13:47:42
1723,33,125,search,2025-01-09T18:22:44
1724,37,140,view,2025-01-05T20:44:51
1725,12,61,add_to_cart,2025-01-13T18:34:19
1726,20,144,wishlist,2025-01-11T09:52:41
1727,48,113,view,2025-01-04T11:42:08
1728,5,135,view,2025-01-08T14:48:51
1729,14,104,search,2025-01-03T10:21:11
1730,29,50,view,2025-01-05T11:32:45
1731,33,139,wishlist,2025-01-10T11:40:10
1732,37,46,add_to_cart,2025-01-15T16:58:09
1733,12,143,view,2025-01-02T14:56:41
1734,20,133,view,2025-01-07T17:24:55
1735,48,82,search,2025-01-08T18:53:01
1736,5,100,wishlist,2025-01-11T21:29:28
1737,14,58,view,2025-01-06T12:52:31
1738,29,112,add_to_cart,2025-01-16T20:47:40
1739,33,41,view,2025-01-03T19:57:40
1740,37,97,wishlist,2025-01-12T16:21:58
1741,12,36,search,2025-01-08T11:42:59
1742,20,78,view,2025-01-04T21:28:41
1743,48,147,add_to_cart,2025-01-14T17:45:17
1744,5,103,view,2025-01-03T22:21:51
1745,14,142,view,2025-01-05T16:27:11
1746,29,140,search,2025-01-09T21:29:58
1747,33,117,view,2025-01-07T14:31:44
1748,37,88,add_to_cart,2025-01-17T10:43:22
1749,12,147,wishlist,2025-01-10T13:58:21
1750,20,103,view,2025-01-06T11:43:53
1751,48,150,view,2025-01-02T19:35:19
1752,5,122,add_to_cart,2025-01-15T11:21:42
1753,14,31,view,2025-01-03T18:44:39
1754,29,35,view,2025-01-07T11:29:41
1755,33,130,search,2025-01-11T20:53:27
1756,37,69,view,2025-01-04T10:31:11
1757,12,91,view,2025-01-05T14:25:27
1758,20,128,view,2025-01-07T09:54:41
1759,48,47,search,2025-01-08T21:49:50
1760,5,139,wishlist,2025-01-10T12:52:29
1761,14,61,view,2025-01-03T11:56:11
1762,29,101,add_to_cart,2025-01-14T15:48:33
1763,33,56,view,2025-01-02T20:31:57
1764,37,28,search,2025-01-09T16:43:00
1765,12,124,wishlist,2025-01-12T15:48:27
1766,20,67,view,2025-01-05T18:19:51
1767,48,109,view,2025-01-06T13:51:33
1768,5,75,add_to_cart,2025-01-16T19:21:44
1769,14,113,view,2025-01-03T10:28:52
1770,29,128,wishlist,2025-01-10T21:37:51
1771,33,96,view,2025-01-06T11:49:37
1772,37,133,wishlist,2025-01-11T19:21:23
1773,12,119,view,2025-01-02T15:57:42
1774,20,32,search,2025-01-08T17:44:22
1775,48,148,view,2025-01-03T21:57:15
1776,5,81,view,2025-01-07T10:42:14
1777,14,74,add_to_cart,2025-01-14T13:05:19
1778,29,112,view,2025-01-05T13:56:21
1779,33,140,view,2025-01-04T19:12:11
1780,37,145,search,2025-01-09T13:49:41
1781,12,38,add_to_cart,2025-01-15T12:34:33
1782,20,118,wishlist,2025-01-12T11:40:51
1783,48,77,view,2025-01-04T10:43:57
1784,5,41,search,2025-01-03T14:40:22
1785,14,99,view,2025-01-06T18:39:31
1786,29,87,view,2025-01-07T16:25:22
1787,33,55,add_to_cart,2025-01-16T20:43:11
1788,37,112,view,2025-01-03T15:24:10
1789,12,148,search,2025-01-08T09:52:24
1790,20,139,view,2025-01-05T20:42:14
1791,48,102,view,2025-01-06T09:21:49
1792,5,63,wishlist,2025-01-12T15:18:33
1793,14,130,view,2025-01-04T17:12:55
1794,29,45,search,2025-01-09T11:53:40
1795,33,118,view,2025-01-07T11:24:19
1796,37,76,wishlist,2025-01-10T16:24:11
1797,12,66,add_to_cart,2025-01-14T10:29:50
1798,20,112,view,2025-01-02T18:38:44
1799,48,130,add_to_cart,2025-01-15T19:27:41
1800,5,42,view,2025-01-04T12:55:33
1801,7,135,view,2025-01-05T18:12:54
1802,20,47,wishlist,2025-01-11T21:51:15
1803,12,68,view,2025-01-03T17:21:41
1804,41,140,add_to_cart,2025-01-15T16:31:33
1805,29,103,view,2025-01-06T20:43:12
1806,14,59,search,2025-01-08T13:17:22
1807,48,76,view,2025-01-04T09:41:18
1808,10,88,wishlist,2025-01-12T18:33:10
1809,33,32,view,2025-01-02T12:51:27
1810,5,146,search,2025-01-10T21:52:31
1811,37,104,add_to_cart,2025-01-15T19:48:52
1812,8,90,view,2025-01-05T10:47:19
1813,14,130,view,2025-01-04T18:50:22
1814,20,113,search,2025-01-09T11:51:51
1815,29,62,view,2025-01-03T19:52:17
1816,48,118,view,2025-01-07T15:52:43
1817,12,145,add_to_cart,2025-01-14T11:18:39
1818,33,41,view,2025-01-06T11:27:51
1819,10,112,search,2025-01-11T19:52:28
1820,41,133,view,2025-01-05T16:19:37
1821,7,150,wishlist,2025-01-09T22:18:11
1822,14,42,view,2025-01-03T09:29:05
1823,48,84,add_to_cart,2025-01-16T17:33:57
1824,12,98,view,2025-01-02T18:14:21
1825,20,55,view,2025-01-04T21:52:59
1826,33,128,wishlist,2025-01-10T14:24:27
1827,29,68,search,2025-01-08T12:23:15
1828,41,140,view,2025-01-07T16:42:51
1829,14,61,add_to_cart,2025-01-13T12:19:39
1830,10,77,view,2025-01-05T17:19:49
1831,7,46,view,2025-01-04T14:49:57
1832,20,98,view,2025-01-06T13:57:13
1833,48,71,search,2025-01-11T21:18:32
1834,33,147,view,2025-01-02T19:18:11
1835,12,117,wishlist,2025-01-12T10:33:55
1836,29,139,view,2025-01-03T17:58:33
1837,41,44,update,2025-01-09T14:54:51
1838,5,123,view,2025-01-07T20:19:11
1839,20,82,search,2025-01-08T20:42:47
1840,14,95,view,2025-01-04T11:22:08
1841,48,110,add_to_cart,2025-01-17T09:21:14
1842,10,147,view,2025-01-05T19:42:30
1843,33,78,wishlist,2025-01-10T20:29:57
1844,7,51,view,2025-01-03T12:29:29
1845,12,125,search,2025-01-09T15:48:51
1846,1,40,view,2025-01-06T14:44:32
1847,29,93,view,2025-01-02T16:40:51
1848,20,34,add_to_cart,2025-01-14T16:32:29
1849,14,136,search,2025-01-07T12:57:23
1850,48,58,view,2025-01-04T13:20:55
1851,10,132,wishlist,2025-01-12T21:21:34
1852,41,78,view,2025-01-05T11:58:33
1853,7,101,add_to_cart,2025-01-16T14:49:12
1854,12,112,view,2025-01-03T10:32:57
1855,29,58,wishlist,2025-01-11T09:49:31
1856,20,121,view,2025-01-07T12:21:42
1857,14,38,view,2025-01-02T16:51:09
1858,48,141,add_to_cart,2025-01-15T10:56:47
1859,5,147,view,2025-01-04T21:33:29
1860,33,114,view,2025-01-06T11:44:17
1861,10,97,search,2025-01-09T13:38:11
1862,41,132,wishlist,2025-01-12T19:12:45
1863,20,143,view,2025-01-03T14:19:50
1864,7,61,view,2025-01-05T08:59:44
1865,14,87,search,2025-01-08T17:47:22
1866,48,75,view,2025-01-04T19:14:39
1867,33,120,add_to_cart,2025-01-15T21:19:28
1868,12,99,view,2025-01-05T14:14:44
1869,29,100,search,2025-01-09T21:31:41
1870,41,67,view,2025-01-06T09:23:25
1871,20,48,view,2025-01-03T18:42:19
1872,14,129,search,2025-01-11T09:29:19
1873,7,131,add_to_cart,2025-01-17T10:41:28
1874,48,98,view,2025-01-02T10:43:22
1875,12,142,wishlist,2025-01-12T14:33:11
1876,29,66,view,2025-01-07T20:48:52
1877,41,119,add_to_cart,2025-01-15T19:31:52
1878,5,38,view,2025-01-03T13:29:25
1879,33,140,view,2025-01-06T20:57:57
1880,20,79,wishlist,2025-01-11T11:12:45
1881,14,115,view,2025-01-05T18:44:59
1882,48,69,search,2025-01-08T18:34:59
1883,7,103,view,2025-01-06T12:14:27
1884,29,141,wishlist,2025-01-10T16:24:11
1885,10,86,view,2025-01-02T15:18:04
1886,41,63,view,2025-01-04T13:13:25
1887,12,148,add_to_cart,2025-01-17T11:22:40
1888,20,109,view,2025-01-07T09:57:55
1889,33,135,search,2025-01-11T14:58:19
1890,48,82,view,2025-01-03T12:19:28
1891,14,35,view,2025-01-06T21:54:12
1892,29,120,add_to_cart,2025-01-14T16:29:41
1893,41,29,view,2025-01-02T21:29:18
1894,7,115,view,2025-01-05T11:35:55
1895,12,78,search,2025-01-10T12:13:32
1896,20,145,view,2025-01-03T18:59:49
1897,48,148,add_to_cart,2025-01-15T18:21:01
1898,10,131,view,2025-01-05T14:49:34
1899,33,91,search,2025-01-08T19:11:14
1900,41,128,view,2025-01-04T19:58:37
1901,14,53,wishlist,2025-01-11T21:14:52
1902,29,142,search,2025-01-09T11:24:51
1903,12,47,view,2025-01-03T10:33:47
1904,20,140,add_to_cart,2025-01-17T13:40:52
1905,48,58,wishlist,2025-01-10T12:19:24
1906,7,133,view,2025-01-06T17:43:11
1907,10,94,search,2025-01-08T20:43:11
1908,33,72,view,2025-01-05T11:17:31
1909,29,124,view,2025-01-02T14:52:28
1910,41,148,add_to_cart,2025-01-16T16:10:19
1911,12,111,view,2025-01-04T13:14:25
1912,20,80,view,2025-01-07T12:12:47
1913,48,145,search,2025-01-11T19:14:31
1914,14,46,view,2025-01-03T16:41:27
1915,7,98,add_to_cart,2025-01-15T11:42:49
1916,29,132,view,2025-01-06T15:53:40
1917,33,38,view,2025-01-04T10:25:41
1918,41,147,search,2025-01-12T14:57:18
1919,12,95,wishlist,2025-01-10T16:33:11
1920,20,63,view,2025-01-02T12:13:21
1921,48,102,add_to_cart,2025-01-15T21:21:42
1922,14,150,wishlist,2025-01-11T20:18:43
1923,7,52,view,2025-01-05T14:12:29
1924,29,110,add_to_cart,2025-01-16T12:41:21
1925,33,122,view,2025-01-03T15:21:22
1926,41,39,view,2025-01-04T20:41:33
1927,20,84,search,2025-01-09T14:11:58
1928,12,148,view,2025-01-02T10:19:52
1929,48,130,wishlist,2025-01-10T10:44:20
1930,14,41,add_to_cart,2025-01-17T10:40:37
1931,7,120,view,2025-01-03T16:53:19
1932,29,103,search,2025-01-08T13:21:14
1933,41,63,wishlist,2025-01-12T18:49:33
1934,12,117,view,2025-01-05T17:15:29
1935,33,140,add_to_cart,2025-01-15T14:33:22
1936,20,70,view,2025-01-06T12:13:59
1937,48,60,view,2025-01-04T14:14:50
1938,14,104,wishlist,2025-01-11T12:19:51
1939,29,148,view,2025-01-03T15:18:08
1940,7,99,view,2025-01-02T18:25:42
1941,41,75,add_to_cart,2025-01-17T12:58:22
1942,12,25,search,2025-01-08T21:47:13
1943,20,138,view,2025-01-05T11:25:39
1944,48,121,view,2025-01-06T13:31:58
1945,33,87,add_to_cart,2025-01-16T18:32:47
1946,14,146,view,2025-01-04T20:29:43
1947,7,30,wishlist,2025-01-11T10:48:20
1948,29,149,search,2025-01-09T17:19:42
1949,41,120,view,2025-01-07T19:29:25
1950,12,54,view,2025-01-02T14:58:41
1951,33,135,view,2025-01-05T15:52:41
1952,20,90,add_to_cart,2025-01-16T12:18:11
1953,7,147,wishlist,2025-01-11T17:29:03
1954,14,40,view,2025-01-03T13:14:51
1955,41,112,search,2025-01-09T20:33:27
1956,12,83,view,2025-01-04T19:18:42
1957,29,136,view,2025-01-07T14:46:57
1958,48,58,add_to_cart,2025-01-15T10:59:41
1959,5,97,view,2025-01-02T18:31:13
1960,33,143,wishlist,2025-01-10T16:39:58
1961,20,29,search,2025-01-08T13:41:55
1962,14,115,view,2025-01-06T21:31:08
1963,12,50,add_to_cart,2025-01-14T11:19:22
1964,41,89,view,2025-01-04T17:51:39
1965,7,142,view,2025-01-05T12:22:56
1966,29,74,search,2025-01-11T10:49:37
1967,48,90,view,2025-01-06T19:53:15
1968,33,55,view,2025-01-03T14:33:28
1969,20,143,wishlist,2025-01-09T21:19:41
1970,14,98,view,2025-01-02T10:54:19
1971,12,71,search,2025-01-08T17:15:02
1972,41,130,view,2025-01-05T18:44:29
1973,29,82,add_to_cart,2025-01-16T15:29:31
1974,48,140,wishlist,2025-01-10T19:15:55
1975,7,116,view,2025-01-03T19:14:39
1976,20,41,view,2025-01-07T13:11:22
1977,14,75,search,2025-01-09T14:22:10
1978,12,84,view,2025-01-04T09:11:41
1979,41,29,wishlist,2025-01-11T16:42:58
1980,33,147,add_to_cart,2025-01-15T10:58:33
1981,29,60,view,2025-01-06T12:21:15
1982,48,71,view,2025-01-02T20:17:29
1983,7,33,search,2025-01-08T18:39:11
1984,14,126,view,2025-01-03T17:59:32
1985,12,148,view,2025-01-05T13:50:22
1986,20,137,add_to_cart,2025-01-17T11:31:27
1987,41,112,wishlist,2025-01-10T11:22:41
1988,29,91,view,2025-01-04T10:51:41
1989,48,126,search,2025-01-12T21:48:39
1990,7,83,view,2025-01-03T15:21:14
1991,14,38,wishlist,2025-01-09T18:19:57
1992,12,72,add_to_cart,2025-01-14T18:55:31
1993,20,135,view,2025-01-06T19:23:30
1994,33,140,view,2025-01-02T12:49:51
1995,29,134,search,2025-01-08T14:14:33
1996,48,75,view,2025-01-05T09:31:19
1997,41,147,view,2025-01-07T13:57:41
1998,7,26,add_to_cart,2025-01-16T18:20:55
1999,14,93,view,2025-01-03T12:51:12
2000,12,52,view,2025-01-02T14:13:59
